episide,made,spent,profit,buys,holds,sells,time
0,208274.20,208719.70,-445.5000,410,452,396,0.15
1,190887.50,190887.50,-0.0000,375,447,436,0.15
2,205371.60,205806.40,-434.8000,404,440,414,0.17
3,219625.90,219625.90,0.0000,435,418,405,0.18
4,200082.20,200082.20,0.0000,394,436,428,0.16
5,213638.60,214084.10,-445.5000,424,426,408,0.16
6,202125.90,202571.40,-445.5000,404,421,433,0.21
7,203839.50,203839.50,0.0000,400,442,416,0.16
8,223111.90,223111.90,-0.0000,440,422,396,0.20
9,219405.40,219850.90,-445.5000,434,420,404,0.19
10,206641.50,206641.50,-0.0000,413,434,411,0.18
11,215482.50,215482.50,0.0000,426,397,435,0.16
12,231428.00,231428.00,-0.0000,455,391,412,0.15
13,222828.40,222828.40,-0.0000,437,443,378,0.17
14,221055.20,222774.20,-1719.0000,440,407,411,0.19
15,203639.10,204912.60,-1273.5000,404,417,437,0.16
16,218416.30,218416.30,0.0000,429,441,388,0.14
17,208395.00,208829.80,-434.8000,408,428,422,0.16
18,209092.60,209092.60,0.0000,410,409,439,0.14
19,227040.60,227475.40,-434.8000,441,422,395,0.18
20,219933.10,219933.10,0.0000,430,393,435,0.16
21,205444.30,205444.30,0.0000,405,435,418,0.15
22,204741.20,206043.50,-1302.3000,405,447,406,0.14
23,219769.10,221889.50,-2120.4000,439,407,412,0.17
24,213689.00,213689.00,0.0000,422,417,419,0.20
25,220533.70,220533.70,0.0000,437,412,409,0.14
26,222444.40,223324.70,-880.3000,437,416,405,0.14
27,211782.20,211782.20,0.0000,416,424,418,0.14
28,207802.00,208247.50,-445.5000,408,403,447,0.15
29,199513.70,200394.00,-880.3000,394,424,440,0.23
30,197059.80,197059.80,0.0000,387,434,437,0.18
31,205387.80,205387.80,0.0000,401,427,430,0.17
32,211059.60,211059.60,0.0000,415,419,424,0.17
33,215843.00,217145.30,-1302.3000,428,417,413,0.22
34,216021.90,216021.90,0.0000,425,413,420,0.17
35,222680.50,222680.50,0.0000,440,401,417,0.16
36,214534.60,214980.10,-445.5000,422,417,419,0.15
37,201570.50,201570.50,0.0000,393,459,406,0.20
38,213912.20,213912.20,-0.0000,422,415,421,0.23
39,212285.30,212285.30,-0.0000,423,400,435,0.17
40,215057.10,215921.20,-864.1000,427,423,408,0.15
41,224487.60,224922.40,-434.8000,439,410,409,0.17
42,212190.70,212190.70,0.0000,415,411,432,0.18
43,211384.40,212223.10,-838.7000,417,427,414,0.17
44,209977.20,210422.70,-445.5000,414,446,398,0.20
45,215900.00,216322.00,-422.0000,428,425,405,0.17
46,193792.30,194237.80,-445.5000,382,445,431,0.18
47,190401.10,192105.30,-1704.2000,379,459,420,0.17
48,204300.50,204300.50,0.0000,403,432,423,0.18
49,211910.60,211910.60,0.0000,418,435,405,0.22
50,228685.80,228685.80,0.0000,449,414,395,0.18
51,202943.40,202943.40,0.0000,402,390,466,0.16
52,224398.70,224844.20,-445.5000,439,393,426,0.15
53,226853.80,226853.80,0.0000,445,398,415,0.14
54,196471.80,196471.80,0.0000,383,445,430,0.18
55,209199.60,210472.90,-1273.3000,416,417,425,0.17
56,200882.10,201724.10,-842.0000,398,414,446,0.16
57,225586.90,226021.70,-434.8000,441,411,406,0.16
58,220943.10,221359.80,-416.7000,437,399,422,0.15
59,212416.50,212416.50,0.0000,420,428,410,0.18
60,202431.80,204130.50,-1698.7000,401,435,422,0.17
61,214376.80,214811.60,-434.8000,424,427,407,0.15
62,216747.30,218440.80,-1693.5000,425,425,408,0.16
63,191222.60,191222.60,-0.0000,376,438,444,0.16
64,212835.80,214559.70,-1723.8999,421,417,420,0.15
65,208571.70,208571.70,0.0000,409,417,432,0.15
66,201115.00,201115.00,-0.0000,399,446,413,0.19
67,202233.80,202679.30,-445.5000,401,417,440,0.20
68,217091.40,217942.90,-851.5000,430,422,406,0.16
69,213282.20,213727.70,-445.5000,419,437,402,0.16
70,222385.80,224524.70,-2138.9000,444,413,401,0.18
71,212609.50,212609.50,0.0000,420,397,441,0.15
72,205027.10,205027.10,0.0000,401,435,422,0.15
73,207843.80,207843.80,-0.0000,412,441,405,0.19
74,238052.60,238052.60,0.0000,468,398,392,0.17
75,205501.80,207643.30,-2141.5000,410,447,401,0.18
76,205649.20,205649.20,0.0000,406,439,413,0.18
77,208004.70,208872.20,-867.5000,411,416,431,0.19
78,203539.50,203539.50,0.0000,401,445,412,0.16
79,206503.50,206503.50,0.0000,406,435,417,0.20
80,216336.20,218456.90,-2120.7000,432,415,411,0.21
81,198505.40,199370.90,-865.5000,396,401,461,0.19
82,209360.90,209806.40,-445.5000,413,417,428,0.16
83,227698.30,227698.30,0.0000,449,393,416,0.16
84,208293.70,208293.70,-0.0000,409,419,430,0.16
85,224537.20,224537.20,0.0000,444,406,408,0.14
86,214555.00,214555.00,0.0000,421,417,420,0.14
87,219631.90,220512.20,-880.3000,432,415,411,0.14
88,200884.90,201330.40,-445.5000,393,437,428,0.15
89,207349.60,207349.60,-0.0000,411,429,418,0.18
90,220149.50,221006.30,-856.8000,439,387,432,0.16
91,214558.10,214558.10,0.0000,423,421,414,0.14
92,197731.10,198587.90,-856.8000,395,417,446,0.17
93,222428.00,222873.50,-445.5000,442,408,408,0.14
94,219896.40,221588.00,-1691.6000,435,401,422,0.17
95,207779.90,208636.70,-856.8000,415,400,443,0.18
96,217850.00,217850.00,0.0000,426,433,399,0.17
97,210691.30,210691.30,-0.0000,418,426,414,0.18
98,205776.30,205776.30,0.0000,406,426,426,0.17
99,203251.80,203251.80,0.0000,402,435,421,0.14
100,209369.30,210249.60,-880.3000,412,429,417,0.18
101,206676.60,207122.10,-445.5000,412,424,422,0.14
102,236643.40,236643.40,0.0000,464,375,419,0.15
103,216959.30,217394.10,-434.8000,426,430,402,0.15
104,231140.40,231140.40,0.0000,457,403,398,0.17
105,191925.70,192371.20,-445.5000,380,457,421,0.15
106,210130.60,211427.60,-1297.0000,416,436,406,0.15
107,219951.20,219951.20,0.0000,431,404,423,0.16
108,218128.70,218128.70,0.0000,424,398,436,0.15
109,206681.30,207098.00,-416.7000,410,422,426,0.18
110,205295.10,205295.10,0.0000,408,413,437,0.17
111,221436.00,221858.00,-422.0000,434,416,408,0.18
112,210259.00,211121.20,-862.2000,415,440,403,0.17
113,202602.70,202602.70,0.0000,399,453,406,0.18
114,217112.30,217112.30,0.0000,428,418,412,0.14
115,208500.20,208945.70,-445.5000,411,434,413,0.16
116,220069.10,220069.10,0.0000,431,423,404,0.18
117,203636.80,203636.80,0.0000,398,431,429,0.17
118,219062.30,219062.30,-0.0000,432,419,407,0.18
119,198872.20,199317.70,-445.5000,396,449,413,0.14
120,209595.10,210029.90,-434.8000,413,418,427,0.14
121,221055.50,221935.80,-880.3000,435,431,392,0.18
122,210523.20,210968.70,-445.5000,415,432,411,0.15
123,212357.20,212357.20,0.0000,423,430,405,0.19
124,219743.30,219743.30,0.0000,431,406,421,0.19
125,232062.90,232062.90,0.0000,454,423,381,0.16
126,204744.70,207733.40,-2988.7000,409,409,440,0.15
127,205912.70,205912.70,0.0000,404,439,415,0.15
128,213511.20,213511.20,0.0000,423,421,414,0.16
129,214883.50,214883.50,-0.0000,419,430,409,0.18
130,199585.50,199585.50,0.0000,392,439,427,0.14
131,197041.90,197487.40,-445.5000,383,439,436,0.19
132,212012.80,212012.80,0.0000,420,411,427,0.25
133,203557.80,203557.80,-0.0000,407,440,411,0.25
134,204816.40,204816.40,0.0000,403,442,413,0.25
135,216516.60,216962.10,-445.5000,427,428,403,0.24
136,205699.90,205699.90,0.0000,406,404,448,0.24
137,201335.30,201780.80,-445.5000,397,442,419,0.17
138,202403.80,202838.60,-434.8000,401,442,415,0.19
139,206829.20,207686.00,-856.8000,411,435,412,0.14
140,219978.10,220423.60,-445.5000,435,414,409,0.20
141,214233.30,215515.30,-1282.0000,430,412,416,0.19
142,228549.70,228549.70,0.0000,448,410,400,0.22
143,205351.30,205796.80,-445.5000,406,425,427,0.21
144,193752.80,194633.10,-880.3000,384,439,435,0.19
145,227621.90,228067.40,-445.5000,448,403,407,0.23
146,206369.30,206814.80,-445.5000,405,432,421,0.19
147,201315.10,201315.10,0.0000,400,438,420,0.17
148,217171.00,218455.20,-1284.2000,435,392,431,0.16
149,203606.00,203606.00,0.0000,404,430,424,0.15
150,218818.70,218818.70,0.0000,426,398,434,0.18
151,218164.90,218610.40,-445.5000,435,391,432,0.20
152,206600.70,207046.20,-445.5000,404,426,428,0.20
153,214154.30,214599.80,-445.5000,419,463,376,0.19
154,200339.70,200339.70,0.0000,396,458,404,0.15
155,203463.80,203885.80,-422.0000,401,444,413,0.14
156,223410.90,223845.70,-434.8000,440,413,405,0.18
157,214384.20,214384.20,0.0000,424,420,414,0.15
158,217675.10,218109.90,-434.8000,427,432,399,0.17
159,212887.40,213767.70,-880.3000,421,389,448,0.21
160,235242.50,235242.50,0.0000,459,384,415,0.21
161,216917.30,217797.60,-880.3000,433,403,422,0.15
162,200883.20,201305.20,-422.0000,396,438,424,0.20
163,226158.30,226158.30,0.0000,446,414,398,0.18
164,214312.40,214312.40,0.0000,426,392,440,0.22
165,216557.50,216974.20,-416.7000,429,414,415,0.17
166,205240.70,206957.70,-1717.0000,409,425,424,0.16
167,218636.80,218636.80,0.0000,435,406,417,0.19
168,213458.70,213904.20,-445.5000,422,423,413,0.17
169,197561.50,197561.50,0.0000,390,466,402,0.16
170,206752.20,206752.20,0.0000,406,457,395,0.16
171,210123.80,210991.30,-867.5000,415,433,410,0.18
172,211459.90,214036.10,-2576.1999,421,400,437,0.21
173,203423.80,203858.60,-434.8000,401,415,442,0.16
174,221111.70,221111.70,0.0000,437,437,384,0.22
175,211031.10,211447.80,-416.7000,417,425,416,0.16
176,203441.90,204695.20,-1253.3000,404,404,450,0.17
177,193134.60,193569.40,-434.8000,383,450,425,0.18
178,208074.40,209376.70,-1302.3000,414,434,410,0.15
179,215933.40,218063.00,-2129.6000,435,431,392,0.16
180,197424.20,197859.00,-434.8000,391,444,423,0.15
181,222657.30,223537.60,-880.3000,439,401,418,0.17
182,214332.50,214332.50,-0.0000,420,418,420,0.22
183,207876.50,209153.30,-1276.8000,412,427,419,0.20
184,205982.50,205982.50,0.0000,407,428,423,0.17
185,197358.10,197358.10,-0.0000,389,423,446,0.18
186,205824.00,207106.20,-1282.2000,410,442,406,0.15
187,217938.00,218818.30,-880.3000,436,419,403,0.18
188,226544.90,226544.90,0.0000,447,390,421,0.19
189,205783.60,205783.60,0.0000,405,429,424,0.19
190,218829.30,218829.30,0.0000,431,407,420,0.18
191,220738.00,222877.00,-2139.0000,437,391,430,0.14
192,219254.30,219254.30,0.0000,429,408,421,0.15
193,204605.00,204605.00,0.0000,409,396,453,0.15
194,205663.20,205663.20,0.0000,408,404,446,0.16
195,211281.10,212161.40,-880.3000,414,439,405,0.19
196,201889.10,202769.40,-880.3000,399,451,408,0.19
197,197609.70,197609.70,0.0000,392,428,438,0.19
198,209588.60,210034.10,-445.5000,412,435,411,0.16
199,221446.30,221446.30,0.0000,439,411,408,0.16
200,220004.30,220004.30,0.0000,438,413,407,0.21
201,222599.50,222599.50,0.0000,435,405,418,0.20
202,200030.70,200030.70,0.0000,397,423,438,0.19
203,219832.00,219832.00,0.0000,434,407,417,0.17
204,215869.30,215869.30,0.0000,428,428,402,0.21
205,215052.90,215920.40,-867.5000,426,451,381,0.19
206,226505.10,226505.10,0.0000,448,409,401,0.14
207,206336.70,206771.50,-434.8000,408,412,438,0.14
208,219817.70,221509.10,-1691.4000,434,413,411,0.23
209,218299.20,220418.00,-2118.8000,436,402,420,0.24
210,211863.80,211863.80,0.0000,416,430,412,0.23
211,208110.90,208967.70,-856.8000,412,433,413,0.20
212,207069.20,207514.70,-445.5000,411,400,447,0.20
213,220013.10,220013.10,0.0000,434,416,408,0.25
214,205970.60,207272.90,-1302.3000,407,435,416,0.22
215,216275.60,216275.60,0.0000,426,405,427,0.17
216,220043.00,220465.00,-422.0000,435,396,427,0.20
217,231670.70,232105.50,-434.8000,457,399,402,0.19
218,217141.10,217141.10,0.0000,427,423,408,0.16
219,210236.40,211093.20,-856.8000,416,421,421,0.17
220,192653.00,192653.00,0.0000,385,451,422,0.17
221,219421.90,219421.90,0.0000,434,392,432,0.18
222,207043.20,207463.20,-420.0000,416,433,409,0.17
223,209228.40,209228.40,-0.0000,412,436,410,0.20
224,216259.50,216259.50,0.0000,421,406,431,0.18
225,198713.70,198713.70,0.0000,394,431,433,0.17
226,202148.20,202148.20,0.0000,399,437,422,0.19
227,220327.00,220327.00,0.0000,434,413,411,0.17
228,219798.00,220232.80,-434.8000,436,401,421,0.17
229,213426.60,215540.20,-2113.6000,425,441,392,0.15
230,214708.60,216010.90,-1302.3000,428,423,407,0.14
231,215303.50,215303.50,-0.0000,422,422,414,0.15
232,203659.80,204094.60,-434.8000,405,433,420,0.19
233,219762.60,219762.60,-0.0000,434,418,406,0.17
234,217166.30,217166.30,0.0000,428,392,438,0.18
235,198502.10,198502.10,0.0000,392,426,440,0.18
236,200950.70,200950.70,-0.0000,394,424,440,0.15
237,202664.20,203109.70,-445.5000,396,430,432,0.14
238,215075.20,215520.70,-445.5000,427,434,397,0.20
239,201067.00,201067.00,0.0000,393,420,445,0.15
240,205608.10,206053.60,-445.5000,405,442,411,0.16
241,212890.70,212890.70,0.0000,420,408,430,0.22
242,231827.90,231827.90,-0.0000,455,393,410,0.14
243,224945.80,225362.50,-416.7000,445,407,406,0.15
244,206433.20,206849.90,-416.7000,412,429,417,0.17
245,209270.70,209270.70,0.0000,412,429,417,0.14
246,229800.80,230246.30,-445.5000,449,439,370,0.18
247,200358.00,200358.00,-0.0000,397,429,432,0.18
248,196548.60,196548.60,0.0000,388,437,433,0.15
249,209975.10,211248.60,-1273.5000,418,435,405,0.17
250,226455.10,226455.10,0.0000,444,391,423,0.19
251,203153.20,203153.20,0.0000,401,425,432,0.18
252,212169.40,212169.40,0.0000,416,411,431,0.16
253,221534.50,221534.50,0.0000,437,419,402,0.18
254,202525.40,202525.40,-0.0000,395,451,412,0.17
255,221539.40,221539.40,0.0000,431,410,417,0.17
256,221869.00,221869.00,0.0000,433,410,415,0.14
257,215277.90,215277.90,0.0000,424,425,409,0.19
258,205609.70,205609.70,0.0000,407,433,418,0.17
259,215372.50,215807.30,-434.8000,427,440,391,0.14
260,214288.40,214710.40,-422.0000,427,396,435,0.18
261,213924.10,213924.10,0.0000,422,443,393,0.15
262,223646.70,223646.70,0.0000,438,432,388,0.18
263,191501.20,191501.20,0.0000,379,431,448,0.16
264,230163.20,231018.00,-854.8000,459,415,384,0.17
265,209638.40,210073.20,-434.8000,412,424,422,0.16
266,204444.90,205325.20,-880.3000,408,420,430,0.18
267,208025.50,208471.00,-445.5000,412,415,431,0.20
268,220092.70,220092.70,0.0000,433,428,397,0.20
269,197765.40,197765.40,-0.0000,393,464,401,0.17
270,214302.90,216021.90,-1719.0000,432,411,415,0.15
271,222889.70,222889.70,0.0000,438,402,418,0.20
272,221691.20,222136.70,-445.5000,444,411,403,0.19
273,211213.60,213770.60,-2557.0000,424,426,408,0.15
274,200439.30,200439.30,0.0000,397,421,440,0.16
275,207574.60,207574.60,0.0000,412,428,418,0.17
276,204453.50,204453.50,0.0000,404,446,408,0.17
277,211760.40,211760.40,0.0000,416,428,414,0.16
278,205898.80,205898.80,0.0000,406,443,409,0.17
279,217062.40,217484.40,-422.0000,426,432,400,0.19
280,214000.60,216974.70,-2974.1000,428,432,398,0.17
281,229073.70,229073.70,0.0000,450,386,422,0.17
282,210866.70,213005.70,-2139.0000,416,425,417,0.18
283,208264.70,208264.70,0.0000,413,410,435,0.19
284,214663.60,214663.60,0.0000,428,411,419,0.17
285,209388.80,211107.80,-1719.0000,415,444,399,0.19
286,216156.10,216156.10,0.0000,431,411,416,0.16
287,226426.20,227293.70,-867.5000,445,414,399,0.17
288,208792.40,209649.20,-856.8000,412,451,395,0.17
289,206386.70,207670.90,-1284.2000,411,425,422,0.24
290,204924.10,204924.10,0.0000,406,419,433,0.20
291,192207.30,193480.80,-1273.5000,384,434,440,0.18
292,209625.30,210464.00,-838.7000,413,412,433,0.20
293,202568.90,203425.70,-856.8000,401,431,426,0.17
294,193581.30,193581.30,0.0000,382,438,438,0.17
295,209555.80,210410.60,-854.8000,415,422,421,0.16
296,224334.70,224334.70,0.0000,439,403,416,0.14
297,212307.30,212307.30,0.0000,416,418,424,0.16
298,218405.70,220531.70,-2126.0000,437,423,398,0.18
299,220554.40,221393.10,-838.7000,437,425,396,0.16
300,215453.50,216295.60,-842.1000,425,414,419,0.18
301,206438.80,208992.40,-2553.6000,414,400,444,0.18
302,222169.30,222169.30,0.0000,436,394,428,0.14
303,210113.00,210113.00,0.0000,414,436,408,0.15
304,205268.20,205268.20,0.0000,409,429,420,0.16
305,205105.50,205962.30,-856.8000,406,425,427,0.17
306,197905.20,198340.00,-434.8000,392,462,404,0.18
307,217115.60,217115.60,-0.0000,430,424,404,0.14
308,205749.00,205749.00,0.0000,404,436,418,0.15
309,206052.70,206052.70,0.0000,405,410,443,0.15
310,212959.20,214217.70,-1258.5000,423,426,409,0.19
311,206671.80,206671.80,0.0000,411,416,431,0.17
312,219117.20,219117.20,0.0000,434,436,388,0.23
313,210006.60,210441.40,-434.8000,411,432,415,0.26
314,211774.50,212196.50,-422.0000,419,425,414,0.23
315,207144.00,207144.00,0.0000,409,432,417,0.18
316,213746.00,213746.00,-0.0000,421,393,444,0.18
317,199355.00,199777.00,-422.0000,399,446,413,0.18
318,206108.40,206988.70,-880.3000,410,427,421,0.20
319,200765.60,201645.90,-880.3000,399,436,423,0.17
320,198602.70,202042.80,-3440.0999,398,424,436,0.20
321,208125.40,208570.90,-445.5000,411,404,443,0.16
322,219443.00,219443.00,0.0000,429,407,422,0.19
323,209309.00,209309.00,0.0000,413,410,435,0.21
324,223258.80,223258.80,0.0000,445,407,406,0.20
325,214528.40,215408.70,-880.3000,424,405,429,0.15
326,208284.70,208730.20,-445.5000,408,436,414,0.14
327,223833.20,224695.40,-862.2000,441,399,418,0.16
328,214044.50,214044.50,-0.0000,423,418,417,0.16
329,217643.10,218088.60,-445.5000,430,433,395,0.16
330,217488.50,218368.80,-880.3000,430,425,403,0.19
331,206500.50,207772.00,-1271.5000,408,434,416,0.15
332,213093.70,213093.70,0.0000,420,404,434,0.14
333,196784.30,196784.30,0.0000,391,415,452,0.14
334,218207.20,218207.20,0.0000,428,410,420,0.21
335,194422.40,194422.40,0.0000,384,428,446,0.16
336,213645.70,214526.00,-880.3000,420,426,412,0.21
337,199748.90,199748.90,0.0000,394,420,444,0.14
338,211915.70,211915.70,0.0000,423,402,433,0.20
339,222006.60,222006.60,0.0000,433,434,391,0.23
340,206296.50,206731.30,-434.8000,410,435,413,0.21
341,221015.60,223554.90,-2539.3000,443,414,401,0.20
342,228436.10,230990.20,-2554.1000,456,387,415,0.20
343,221939.20,221939.20,-0.0000,437,403,418,0.23
344,237911.10,237911.10,0.0000,468,408,382,0.17
345,213675.60,214110.40,-434.8000,419,388,451,0.21
346,231899.60,232321.60,-422.0000,458,403,397,0.22
347,213271.10,213716.60,-445.5000,417,417,424,0.24
348,214085.50,214531.00,-445.5000,429,407,422,0.22
349,222679.90,222679.90,0.0000,439,436,383,0.19
350,197743.90,198600.70,-856.8000,395,470,393,0.16
351,207073.20,207073.20,0.0000,406,444,408,0.20
352,203870.30,204315.80,-445.5000,406,413,439,0.16
353,215891.10,217193.40,-1302.3000,426,395,437,0.18
354,199975.70,200421.20,-445.5000,396,455,407,0.15
355,235810.70,236667.50,-856.8000,461,413,384,0.18
356,227430.60,227430.60,0.0000,448,379,431,0.21
357,212997.20,214270.70,-1273.5000,423,442,393,0.21
358,203238.70,204095.50,-856.8000,405,415,438,0.15
359,221412.00,221412.00,0.0000,439,403,416,0.15
360,201784.30,202623.00,-838.7000,401,418,439,0.15
361,224082.80,224082.80,-0.0000,440,408,410,0.23
362,209976.60,209976.60,-0.0000,417,414,427,0.20
363,223490.40,223490.40,0.0000,440,386,432,0.19
364,225454.10,225454.10,0.0000,443,401,414,0.17
365,220200.20,221067.70,-867.5000,435,413,410,0.19
366,214197.90,215500.20,-1302.3000,426,402,430,0.21
367,215242.80,216531.80,-1289.0000,426,428,404,0.17
368,225445.00,225890.50,-445.5000,445,410,403,0.18
369,211130.00,214558.40,-3428.4000,421,391,446,0.17
370,220811.40,220811.40,0.0000,436,388,434,0.18
371,209189.10,209189.10,0.0000,412,439,407,0.25
372,200675.10,200675.10,-0.0000,395,457,406,0.19
373,214091.60,215785.00,-1693.4000,426,453,379,0.19
374,205595.60,207747.30,-2151.7000,413,426,419,0.25
375,208519.90,208954.70,-434.8000,414,441,403,0.19
376,196920.40,198621.10,-1700.7000,393,453,412,0.20
377,225218.90,225218.90,0.0000,441,420,397,0.23
378,220916.70,222200.90,-1284.2000,439,420,399,0.18
379,205237.70,207358.40,-2120.7000,415,454,389,0.16
380,215308.30,215308.30,0.0000,426,420,412,0.19
381,206119.10,207403.30,-1284.2000,411,412,435,0.22
382,218063.60,219342.30,-1278.7000,434,419,405,0.16
383,199870.10,199870.10,0.0000,392,399,467,0.19
384,212466.90,213749.10,-1282.2000,424,401,433,0.17
385,210518.00,210518.00,0.0000,414,421,423,0.14
386,210038.00,210918.30,-880.3000,412,427,419,0.19
387,191983.70,192429.20,-445.5000,380,436,442,0.16
388,209429.80,209875.30,-445.5000,415,411,432,0.18
389,224555.30,224555.30,-0.0000,443,405,410,0.17
390,214122.40,214567.90,-445.5000,423,440,395,0.18
391,228234.90,228234.90,-0.0000,448,422,388,0.19
392,225350.30,225350.30,0.0000,441,390,427,0.15
393,221798.20,221798.20,0.0000,437,429,392,0.17
394,212113.90,214252.90,-2139.0000,423,407,428,0.19
395,198287.60,198287.60,0.0000,393,442,423,0.20
396,218539.20,218539.20,0.0000,431,380,447,0.19
397,230688.10,231946.90,-1258.8000,458,393,407,0.19
398,205946.50,206368.50,-422.0000,407,423,428,0.19
399,211466.30,211466.30,-0.0000,420,428,410,0.19
400,203928.90,204363.70,-434.8000,401,440,417,0.17
401,209907.40,210329.40,-422.0000,411,409,438,0.18
402,221850.40,222730.70,-880.3000,433,429,396,0.19
403,216010.50,216432.50,-422.0000,429,414,415,0.24
404,216810.20,217672.40,-862.2000,428,438,392,0.20
405,217424.00,217424.00,0.0000,426,429,403,0.16
406,205769.30,206204.10,-434.8000,404,436,418,0.23
407,219014.50,219460.00,-445.5000,432,412,414,0.16
408,212937.30,215922.10,-2984.8000,426,402,430,0.15
409,216585.50,217031.00,-445.5000,430,387,441,0.18
410,208059.30,208059.30,0.0000,410,441,407,0.17
411,205049.20,208052.20,-3003.0000,413,422,423,0.18
412,224315.60,224315.60,0.0000,442,410,406,0.16
413,213440.50,213886.00,-445.5000,420,418,420,0.15
414,208594.50,209462.00,-867.5000,413,441,404,0.17
415,201106.60,201523.30,-416.7000,399,442,417,0.17
416,216013.90,216430.60,-416.7000,427,438,393,0.19
417,204387.30,204387.30,-0.0000,403,421,434,0.20
418,224817.10,224817.10,0.0000,442,424,392,0.18
419,215360.60,215360.60,0.0000,421,421,416,0.15
420,204150.30,204150.30,0.0000,406,417,435,0.19
421,202354.00,203210.80,-856.8000,402,434,422,0.20
422,231508.90,231508.90,0.0000,452,401,405,0.23
423,201001.50,201001.50,0.0000,393,421,444,0.20
424,221362.60,222242.90,-880.3000,441,395,422,0.16
425,203909.50,205211.80,-1302.3000,404,417,437,0.18
426,205758.40,205758.40,0.0000,408,447,403,0.15
427,214106.50,214541.30,-434.8000,423,468,367,0.15
428,217901.90,218769.40,-867.5000,428,396,434,0.17
429,211424.40,211424.40,0.0000,418,430,410,0.24
430,212028.80,212028.80,-0.0000,418,377,463,0.16
431,200686.10,201131.60,-445.5000,399,429,430,0.17
432,207251.60,207251.60,-0.0000,414,431,413,0.18
433,202898.90,203766.40,-867.5000,404,423,431,0.21
434,209509.80,210812.10,-1302.3000,415,438,405,0.15
435,205511.70,205511.70,0.0000,405,405,448,0.15
436,206017.10,206462.60,-445.5000,408,433,417,0.17
437,213316.60,214184.10,-867.5000,421,423,414,0.21
438,213159.20,214432.70,-1273.5000,426,425,407,0.19
439,211710.90,211710.90,-0.0000,415,426,417,0.15
440,206868.50,207748.80,-880.3000,410,445,403,0.19
441,213095.70,213095.70,0.0000,421,417,420,0.16
442,215806.20,215806.20,0.0000,428,422,408,0.16
443,203039.90,203920.20,-880.3000,402,424,432,0.17
444,212756.60,214446.60,-1690.0000,425,416,417,0.19
445,211743.50,212189.00,-445.5000,422,435,401,0.15
446,199197.90,199197.90,0.0000,389,423,446,0.16
447,223422.00,223867.50,-445.5000,445,424,389,0.18
448,212499.60,212499.60,0.0000,422,422,414,0.19
449,222261.60,222261.60,0.0000,442,408,408,0.18
450,206491.40,209491.10,-2999.7000,416,448,394,0.17
451,204752.00,204752.00,0.0000,403,440,415,0.17
452,211295.30,211295.30,0.0000,422,431,405,0.16
453,222111.30,222556.80,-445.5000,440,419,399,0.17
454,207192.70,207192.70,0.0000,406,443,409,0.24
455,209270.30,209715.80,-445.5000,414,432,412,0.23
456,217823.50,218269.00,-445.5000,429,400,429,0.19
457,205114.30,205549.10,-434.8000,407,457,394,0.20
458,200668.50,200668.50,0.0000,399,432,427,0.18
459,212468.80,213765.80,-1297.0000,426,419,413,0.18
460,199491.60,199937.10,-445.5000,398,427,433,0.18
461,226257.80,226257.80,0.0000,446,398,414,0.19
462,217960.20,218382.20,-422.0000,431,421,406,0.18
463,207011.20,207011.20,0.0000,412,408,438,0.18
464,215770.60,215770.60,0.0000,429,447,382,0.19
465,204164.70,205465.00,-1300.3000,404,430,424,0.23
466,218109.90,218555.40,-445.5000,431,412,415,0.14
467,203423.20,204303.50,-880.3000,405,432,421,0.17
468,206777.50,206777.50,0.0000,405,436,417,0.19
469,210046.80,210046.80,0.0000,409,425,424,0.18
470,209805.60,209805.60,-0.0000,415,424,419,0.17
471,210125.20,210125.20,0.0000,414,446,398,0.18
472,202060.80,202060.80,0.0000,396,438,424,0.21
473,209988.50,209988.50,0.0000,412,411,435,0.18
474,214081.00,214526.50,-445.5000,425,435,398,0.18
475,229315.60,230195.90,-880.3000,453,399,406,0.17
476,208733.70,209179.20,-445.5000,416,421,421,0.16
477,222012.70,222447.50,-434.8000,437,403,418,0.17
478,219976.60,220422.10,-445.5000,431,420,407,0.15
479,209568.30,209568.30,0.0000,412,433,413,0.21
480,208575.20,208575.20,0.0000,409,416,433,0.21
481,220953.40,220953.40,0.0000,439,431,388,0.20
482,185826.40,186271.90,-445.5000,366,484,408,0.19
483,212103.50,212549.00,-445.5000,419,425,414,0.17
484,203812.60,203812.60,0.0000,405,429,424,0.24
485,220202.90,221479.70,-1276.8000,433,425,400,0.23
486,222866.70,222866.70,-0.0000,438,445,375,0.22
487,224809.30,226111.60,-1302.3000,445,406,407,0.19
488,206228.30,206228.30,-0.0000,406,397,455,0.17
489,209559.50,210401.50,-842.0000,413,428,417,0.16
490,216025.60,216025.60,0.0000,428,424,406,0.21
491,202577.30,203457.60,-880.3000,398,447,413,0.18
492,213957.80,215231.30,-1273.5000,427,432,399,0.19
493,203343.50,203343.50,0.0000,400,440,418,0.16
494,202719.50,202719.50,0.0000,402,430,426,0.15
495,214224.70,214224.70,0.0000,423,413,422,0.20
496,205296.80,205742.30,-445.5000,403,430,425,0.18
497,207352.60,207352.60,0.0000,407,420,431,0.20
498,200633.00,201469.50,-836.5000,397,430,431,0.15
499,199623.60,199623.60,0.0000,397,427,434,0.15
500,212525.50,212525.50,0.0000,418,423,417,0.15
501,217058.50,217058.50,0.0000,432,457,369,0.22
502,231189.30,231189.30,0.0000,458,409,391,0.22
503,213516.90,213516.90,0.0000,424,431,403,0.19
504,211769.40,212214.90,-445.5000,415,432,411,0.15
505,230932.20,230932.20,0.0000,454,386,418,0.15
506,195935.30,196370.10,-434.8000,389,446,423,0.21
507,215383.00,215383.00,0.0000,425,426,407,0.24
508,212428.60,212428.60,0.0000,418,419,421,0.25
509,219979.50,219979.50,0.0000,434,410,414,0.23
510,214861.00,215277.70,-416.7000,428,441,389,0.19
511,216069.40,216069.40,-0.0000,424,430,404,0.18
512,197952.00,197952.00,0.0000,392,451,415,0.20
513,225245.20,225690.70,-445.5000,442,406,410,0.23
514,203796.90,203796.90,0.0000,400,428,430,0.20
515,216943.70,216943.70,-0.0000,429,425,404,0.17
516,204033.30,204033.30,0.0000,398,422,438,0.19
517,212307.10,212752.60,-445.5000,418,444,396,0.18
518,201712.50,201712.50,0.0000,400,419,439,0.20
519,209521.90,209521.90,0.0000,416,443,399,0.22
520,215053.40,215488.20,-434.8000,425,444,389,0.17
521,211647.10,211647.10,0.0000,421,431,406,0.22
522,221156.80,221591.60,-434.8000,435,409,414,0.19
523,227851.40,229133.40,-1282.0000,451,390,417,0.19
524,219557.80,221276.80,-1719.0000,440,428,390,0.20
525,205408.30,205408.30,0.0000,402,430,426,0.19
526,206208.80,206654.30,-445.5000,410,427,421,0.21
527,217155.50,217155.50,0.0000,431,436,391,0.19
528,203674.80,204971.80,-1297.0000,405,399,454,0.22
529,195917.00,196362.50,-445.5000,392,443,423,0.18
530,203665.20,203665.20,0.0000,403,427,428,0.17
531,207010.30,207455.80,-445.5000,408,420,430,0.15
532,205769.60,207071.90,-1302.3000,406,435,417,0.15
533,214769.80,216072.10,-1302.3000,428,430,400,0.19
534,227548.20,227993.70,-445.5000,451,421,386,0.21
535,204256.20,205558.50,-1302.3000,405,422,431,0.18
536,206093.10,206093.10,0.0000,407,433,418,0.14
537,216255.30,216255.30,0.0000,426,431,401,0.14
538,226792.10,228511.10,-1719.0000,451,416,391,0.19
539,221999.50,222879.80,-880.3000,442,422,394,0.24
540,212050.20,212495.70,-445.5000,418,408,432,0.22
541,204302.60,204302.60,0.0000,402,439,417,0.20
542,200727.50,201607.80,-880.3000,400,454,404,0.16
543,210192.60,211896.60,-1704.0000,422,424,412,0.19
544,209109.70,209990.00,-880.3000,414,433,411,0.18
545,211315.00,211760.50,-445.5000,419,440,399,0.21
546,230345.10,230790.60,-445.5000,454,411,393,0.21
547,203584.20,203584.20,0.0000,404,449,405,0.18
548,228081.90,228081.90,0.0000,449,378,431,0.15
549,211861.20,212306.70,-445.5000,418,439,401,0.19
550,213541.10,213541.10,-0.0000,421,422,415,0.19
551,214316.20,214316.20,0.0000,426,424,408,0.20
552,205965.00,206399.80,-434.8000,405,433,420,0.16
553,224223.80,224645.80,-422.0000,439,391,428,0.14
554,202194.90,202194.90,0.0000,400,426,432,0.18
555,212762.80,214036.30,-1273.5000,423,407,428,0.18
556,195458.50,195458.50,0.0000,391,431,436,0.21
557,205944.20,206782.90,-838.7000,407,429,422,0.22
558,215290.40,215290.40,0.0000,427,426,405,0.17
559,210936.10,213091.20,-2155.1000,420,418,420,0.16
560,216774.30,217209.10,-434.8000,432,431,395,0.19
561,201623.50,201623.50,0.0000,398,441,419,0.18
562,197988.10,198433.60,-445.5000,391,439,428,0.23
563,226738.90,226738.90,0.0000,451,421,386,0.21
564,220143.70,220589.20,-445.5000,437,428,393,0.25
565,206362.20,206797.00,-434.8000,409,448,401,0.23
566,206415.70,206850.50,-434.8000,407,423,428,0.25
567,208356.70,208778.70,-422.0000,415,413,430,0.22
568,227759.50,228205.00,-445.5000,450,402,406,0.20
569,218154.80,218154.80,0.0000,433,429,396,0.23
570,214621.50,215907.10,-1285.6000,425,424,409,0.20
571,213818.80,213818.80,-0.0000,423,434,401,0.23
572,203247.30,203692.80,-445.5000,407,447,404,0.23
573,217656.10,217656.10,-0.0000,430,401,427,0.24
574,207249.50,208965.40,-1715.9000,412,440,406,0.21
575,209860.80,210306.30,-445.5000,415,424,419,0.21
576,213047.60,213047.60,-0.0000,420,417,421,0.20
577,205556.40,206001.90,-445.5000,407,468,383,0.19
578,202041.00,202457.70,-416.7000,404,428,426,0.22
579,199089.30,199089.30,-0.0000,393,425,440,0.21
580,208087.90,208533.40,-445.5000,412,421,425,0.21
581,206105.70,206973.20,-867.5000,415,437,406,0.20
582,211016.80,211879.00,-862.2000,423,431,404,0.18
583,225629.80,225629.80,0.0000,443,435,380,0.17
584,222425.90,224991.80,-2565.9000,441,417,400,0.17
585,214533.00,215400.50,-867.5000,425,408,425,0.15
586,214701.20,214701.20,0.0000,424,448,386,0.18
587,216598.60,216598.60,0.0000,428,424,406,0.20
588,223188.60,223634.10,-445.5000,445,424,389,0.22
589,212051.00,212496.50,-445.5000,420,423,415,0.26
590,217581.90,217581.90,0.0000,429,416,413,0.16
591,226821.00,228092.50,-1271.5000,446,408,404,0.19
592,212406.90,213287.20,-880.3000,423,436,399,0.20
593,212632.30,216064.10,-3431.8000,426,427,405,0.23
594,201783.50,201783.50,0.0000,398,413,447,0.24
595,200414.60,201688.10,-1273.5000,400,452,406,0.25
596,217707.10,218123.60,-416.5000,434,420,404,0.19
597,214472.00,214917.50,-445.5000,427,429,402,0.19
598,214350.80,214796.30,-445.5000,422,420,416,0.18
599,197291.40,198985.00,-1693.6000,396,433,429,0.16
600,206074.70,206509.50,-434.8000,404,399,455,0.17
601,219148.10,219148.10,-0.0000,431,392,435,0.19
602,195702.50,196582.80,-880.3000,390,432,436,0.15
603,220001.60,220001.60,0.0000,434,439,385,0.16
604,231216.30,232493.10,-1276.8000,459,429,370,0.17
605,221207.70,221653.20,-445.5000,438,414,406,0.19
606,207788.40,209505.20,-1716.8000,418,420,420,0.21
607,210380.20,211247.70,-867.5000,416,402,440,0.22
608,219305.50,219305.50,0.0000,435,404,419,0.19
609,213258.50,213258.50,0.0000,421,422,415,0.22
610,212939.90,212939.90,-0.0000,423,423,412,0.19
611,216937.60,216937.60,-0.0000,427,418,413,0.17
612,206556.50,207424.00,-867.5000,412,431,415,0.20
613,203598.30,204455.10,-856.8000,401,411,446,0.19
614,201541.30,201986.80,-445.5000,403,449,406,0.19
615,203069.40,203514.90,-445.5000,399,426,433,0.24
616,209667.90,209667.90,0.0000,414,434,410,0.18
617,223105.30,223540.10,-434.8000,438,400,420,0.20
618,209526.00,211650.30,-2124.3000,419,410,429,0.17
619,201621.30,201621.30,0.0000,399,445,414,0.19
620,204123.30,204960.10,-836.8000,405,409,444,0.17
621,220159.20,220159.20,0.0000,439,406,413,0.21
622,234792.70,235227.50,-434.8000,462,419,377,0.20
623,206347.10,206347.10,0.0000,411,431,416,0.18
624,207219.50,207219.50,0.0000,411,406,441,0.15
625,210129.60,210129.60,0.0000,417,449,392,0.15
626,229062.20,229507.70,-445.5000,451,412,395,0.14
627,215192.90,215192.90,0.0000,423,421,414,0.17
628,218726.70,218726.70,0.0000,430,429,399,0.20
629,205518.10,205518.10,0.0000,408,415,435,0.18
630,197764.70,197764.70,0.0000,391,441,426,0.17
631,213808.70,214254.20,-445.5000,426,406,426,0.21
632,216430.00,216430.00,0.0000,427,452,379,0.16
633,213839.90,213839.90,-0.0000,424,429,405,0.14
634,217423.30,217868.80,-445.5000,432,420,406,0.14
635,217019.10,217019.10,0.0000,425,416,417,0.22
636,222526.90,222526.90,0.0000,440,434,384,0.18
637,204192.60,204192.60,0.0000,405,401,452,0.17
638,206506.00,206506.00,-0.0000,404,446,408,0.14
639,217677.00,217677.00,0.0000,431,437,390,0.14
640,214482.80,214917.60,-434.8000,425,436,397,0.14
641,201288.30,201733.80,-445.5000,400,447,411,0.19
642,212006.40,212886.70,-880.3000,424,424,410,0.20
643,212108.90,212108.90,0.0000,421,439,398,0.15
644,223417.20,225552.70,-2135.5000,445,398,415,0.15
645,207892.50,209606.00,-1713.5000,417,406,435,0.22
646,210023.80,211308.00,-1284.2000,419,421,418,0.18
647,214517.10,214517.10,0.0000,423,421,414,0.17
648,206571.70,206571.70,0.0000,409,417,432,0.18
649,200237.10,200682.60,-445.5000,396,451,411,0.14
650,208670.60,208670.60,0.0000,412,424,422,0.18
651,214555.90,214555.90,0.0000,423,427,408,0.14
652,207297.80,207743.30,-445.5000,410,458,390,0.20
653,198928.00,199373.50,-445.5000,398,471,389,0.18
654,203399.90,203845.40,-445.5000,401,418,439,0.17
655,205314.70,206171.50,-856.8000,406,449,403,0.21
656,216722.70,219734.90,-3012.2000,431,435,392,0.19
657,216685.40,217542.20,-856.8000,431,422,405,0.17
658,201289.00,202169.30,-880.3000,401,442,415,0.14
659,211065.90,212324.70,-1258.8000,418,436,404,0.15
660,216932.60,216932.60,0.0000,429,403,426,0.17
661,218372.20,218372.20,0.0000,429,421,408,0.20
662,224650.10,226348.80,-1698.7000,450,410,398,0.18
663,208042.80,208042.80,-0.0000,412,418,428,0.15
664,213908.10,216481.30,-2573.2000,429,427,402,0.15
665,218285.30,219165.60,-880.3000,435,415,408,0.17
666,208619.30,209921.60,-1302.3000,417,420,421,0.23
667,201389.50,201389.50,0.0000,398,435,425,0.17
668,213851.50,213851.50,0.0000,424,417,417,0.16
669,223883.50,224745.70,-862.2000,448,384,426,0.23
670,208026.60,208906.90,-880.3000,410,406,442,0.16
671,220614.30,221494.60,-880.3000,435,403,420,0.20
672,204323.90,204323.90,0.0000,406,442,410,0.19
673,222011.40,222011.40,0.0000,436,415,407,0.16
674,218775.20,219210.00,-434.8000,429,438,391,0.14
675,216953.50,217375.50,-422.0000,432,435,391,0.14
676,208096.70,209358.70,-1262.0000,410,452,396,0.14
677,209223.80,209223.80,0.0000,416,426,416,0.17
678,221772.60,221772.60,0.0000,440,423,395,0.16
679,205043.70,205478.50,-434.8000,405,426,427,0.23
680,200377.30,200377.30,0.0000,397,419,442,0.21
681,207699.50,208121.50,-422.0000,411,433,414,0.16
682,218929.80,218929.80,0.0000,434,419,405,0.15
683,207539.10,207539.10,0.0000,411,445,402,0.18
684,218889.00,218889.00,0.0000,432,422,404,0.14
685,217123.30,217558.10,-434.8000,427,416,415,0.20
686,227233.30,227233.30,0.0000,446,425,387,0.17
687,216084.30,217357.80,-1273.5000,429,429,400,0.15
688,206291.90,207148.70,-856.8000,408,447,403,0.18
689,213744.40,213744.40,0.0000,420,406,432,0.21
690,214510.80,214510.80,0.0000,425,440,393,0.16
691,226725.60,226725.60,-0.0000,449,411,398,0.15
692,208558.50,209830.00,-1271.5000,415,405,438,0.14
693,219658.50,219658.50,0.0000,436,399,423,0.15
694,207660.70,209381.20,-1720.4999,412,421,425,0.16
695,220779.50,220779.50,0.0000,441,394,423,0.17
696,211077.60,213238.50,-2160.9000,426,423,409,0.17
697,203910.50,205629.50,-1719.0000,407,430,421,0.21
698,217567.60,217567.60,-0.0000,429,417,412,0.14
699,227734.50,228614.80,-880.3000,450,412,396,0.15
700,218454.20,218454.20,0.0000,431,433,394,0.15
701,192067.60,192067.60,0.0000,376,445,437,0.18
702,209844.30,210683.00,-838.7000,417,447,394,0.23
703,212441.10,212886.60,-445.5000,418,419,421,0.23
704,217120.60,217555.40,-434.8000,434,376,448,0.21
705,224153.00,224153.00,0.0000,447,430,381,0.26
706,209059.50,209505.00,-445.5000,408,424,426,0.20
707,211549.60,211549.60,0.0000,418,459,381,0.20
708,205232.70,206113.00,-880.3000,407,427,424,0.18
709,210454.50,210454.50,-0.0000,415,431,412,0.17
710,214313.00,216032.00,-1719.0000,425,417,416,0.17
711,203958.50,204404.00,-445.5000,405,432,421,0.15
712,220040.50,220040.50,0.0000,438,392,428,0.19
713,207701.40,207701.40,0.0000,409,428,421,0.18
714,221881.50,222761.80,-880.3000,443,392,423,0.16
715,202647.60,202647.60,0.0000,402,427,429,0.15
716,214328.90,214328.90,0.0000,425,414,419,0.16
717,221893.60,221893.60,0.0000,435,410,413,0.15
718,210753.40,211175.40,-422.0000,418,424,416,0.16
719,200694.30,200694.30,0.0000,395,453,410,0.16
720,208940.30,211089.20,-2148.9000,419,437,402,0.19
721,206625.20,206625.20,0.0000,410,421,427,0.19
722,217821.00,217821.00,0.0000,431,422,405,0.16
723,232768.90,232768.90,0.0000,453,403,402,0.14
724,204929.60,205364.40,-434.8000,408,437,413,0.19
725,201902.60,201902.60,0.0000,400,402,456,0.20
726,216805.60,216805.60,0.0000,428,441,389,0.18
727,222167.40,222167.40,0.0000,437,419,402,0.18
728,208158.20,209038.50,-880.3000,417,439,402,0.14
729,206042.60,206042.60,0.0000,403,447,408,0.16
730,219677.70,219677.70,0.0000,435,432,391,0.18
731,217630.90,218076.40,-445.5000,429,387,442,0.20
732,201162.20,201162.20,0.0000,400,416,442,0.20
733,205079.20,205079.20,0.0000,407,396,455,0.19
734,195694.90,195694.90,0.0000,387,448,423,0.16
735,197029.40,197029.40,-0.0000,390,457,411,0.16
736,221483.60,221483.60,-0.0000,435,396,427,0.17
737,201289.80,201724.60,-434.8000,399,428,431,0.14
738,212671.30,212671.30,0.0000,417,437,404,0.15
739,215181.20,216454.70,-1273.5000,427,431,400,0.14
740,220146.90,220592.40,-445.5000,436,442,380,0.14
741,217862.90,217862.90,0.0000,431,425,402,0.23
742,218495.00,220628.50,-2133.5000,440,418,400,0.19
743,206087.00,206087.00,0.0000,409,408,441,0.17
744,203008.30,203008.30,0.0000,398,425,435,0.16
745,201930.00,201930.00,0.0000,401,431,426,0.17
746,207596.90,207596.90,0.0000,407,424,427,0.14
747,211707.50,211707.50,0.0000,419,409,430,0.14
748,230829.40,230829.40,0.0000,454,418,386,0.20
749,201659.40,202076.10,-416.7000,398,455,405,0.18
750,213413.20,213413.20,0.0000,427,436,395,0.16
751,203731.60,204151.60,-420.0000,403,427,428,0.16
752,205065.80,205065.80,0.0000,406,447,405,0.18
753,215935.90,217232.90,-1297.0000,430,433,395,0.19
754,220994.40,221439.90,-445.5000,434,406,418,0.19
755,212553.40,214243.40,-1690.0000,422,420,416,0.16
756,204286.00,205570.00,-1284.0000,404,418,436,0.14
757,225182.90,225182.90,0.0000,447,414,397,0.16
758,205825.00,206270.50,-445.5000,408,421,429,0.18
759,223105.00,223105.00,-0.0000,439,397,422,0.18
760,211937.70,212372.50,-434.8000,420,422,416,0.16
761,221220.20,223315.50,-2095.3000,439,416,403,0.18
762,213970.40,215267.40,-1297.0000,430,392,436,0.14
763,209270.50,209270.50,0.0000,416,460,382,0.16
764,214357.10,214802.60,-445.5000,427,413,418,0.17
765,197938.90,197938.90,-0.0000,387,413,458,0.17
766,200363.80,201244.10,-880.3000,398,439,421,0.18
767,212781.20,213226.70,-445.5000,420,430,408,0.17
768,222353.20,222353.20,-0.0000,440,435,383,0.17
769,200684.30,201119.10,-434.8000,399,471,388,0.16
770,229624.40,230921.40,-1297.0000,456,401,401,0.18
771,206410.30,209419.00,-3008.7000,411,436,411,0.18
772,201417.60,202699.60,-1282.0000,399,464,395,0.15
773,215550.40,215995.90,-445.5000,427,405,426,0.14
774,214361.50,215203.50,-842.0000,428,419,411,0.15
775,200116.90,200950.10,-833.2000,396,413,449,0.14
776,228017.40,228017.40,0.0000,450,447,361,0.15
777,207110.30,207545.10,-434.8000,409,447,402,0.18
778,217276.10,217710.90,-434.8000,427,425,406,0.16
779,231184.70,231184.70,0.0000,457,390,411,0.19
780,219095.40,219540.90,-445.5000,433,417,408,0.17
781,221269.60,221269.60,0.0000,438,397,423,0.14
782,197593.00,197593.00,0.0000,392,429,437,0.19
783,207731.50,208588.30,-856.8000,413,439,406,0.20
784,224856.60,224856.60,0.0000,446,399,413,0.21
785,211447.80,212750.10,-1302.3000,420,442,396,0.24
786,227824.10,227824.10,0.0000,452,414,392,0.21
787,211787.80,212222.60,-434.8000,419,422,417,0.15
788,213628.30,214048.30,-420.0000,424,421,413,0.14
789,206686.60,207132.10,-445.5000,407,425,426,0.19
790,206212.70,206212.70,0.0000,408,424,426,0.23
791,218492.60,219372.90,-880.3000,429,418,411,0.18
792,206347.00,206347.00,0.0000,407,422,429,0.17
793,211177.80,211177.80,0.0000,418,412,428,0.14
794,223578.10,223578.10,0.0000,442,404,412,0.15
795,216588.00,216588.00,0.0000,429,435,394,0.22
796,213139.20,213139.20,0.0000,417,411,430,0.19
797,207892.80,207892.80,0.0000,414,434,410,0.15
798,209909.40,210766.20,-856.8000,416,433,409,0.14
799,212975.10,212975.10,0.0000,424,428,406,0.15
800,204378.30,204378.30,-0.0000,403,428,427,0.14
801,219369.00,219369.00,-0.0000,430,428,400,0.18
802,209187.80,209633.30,-445.5000,414,426,418,0.17
803,216204.10,216204.10,0.0000,429,417,412,0.16
804,217556.50,217556.50,-0.0000,431,447,380,0.17
805,218374.70,218374.70,-0.0000,433,424,401,0.16
806,226172.40,226592.40,-420.0000,446,410,402,0.19
807,225730.20,225730.20,0.0000,443,424,391,0.15
808,227170.60,227616.10,-445.5000,446,397,415,0.15
809,224596.10,225476.40,-880.3000,444,389,425,0.14
810,213628.60,214050.60,-422.0000,423,404,431,0.15
811,202649.00,203529.30,-880.3000,405,407,446,0.20
812,207810.70,208256.20,-445.5000,414,416,428,0.22
813,210999.90,211445.40,-445.5000,421,451,386,0.20
814,198303.50,199183.80,-880.3000,392,438,428,0.20
815,223178.00,223178.00,-0.0000,442,421,395,0.18
816,213276.80,215007.60,-1730.8000,428,427,403,0.17
817,219315.20,220172.00,-856.8000,433,420,405,0.14
818,236147.90,236582.70,-434.8000,468,394,396,0.16
819,206429.90,206429.90,0.0000,408,424,426,0.16
820,211752.10,212632.40,-880.3000,420,408,430,0.17
821,208048.80,208929.10,-880.3000,411,408,439,0.15
822,213164.90,213164.90,-0.0000,423,413,422,0.15
823,218925.50,219762.00,-836.5000,435,395,428,0.15
824,220911.40,220911.40,0.0000,436,387,435,0.16
825,206932.80,208235.10,-1302.3000,409,441,408,0.15
826,207190.30,207190.30,0.0000,406,422,430,0.16
827,212373.40,212373.40,-0.0000,424,400,434,0.17
828,211726.50,211726.50,0.0000,418,418,422,0.15
829,216610.60,218329.60,-1719.0000,431,426,401,0.22
830,219928.10,220808.40,-880.3000,438,406,414,0.22
831,224604.00,224604.00,-0.0000,443,398,417,0.20
832,199606.80,199606.80,0.0000,399,454,405,0.14
833,207890.50,208758.00,-867.5000,409,435,414,0.16
834,221501.70,222369.20,-867.5000,440,433,385,0.15
835,225888.70,226756.20,-867.5000,451,414,393,0.18
836,209630.80,210487.60,-856.8000,416,426,416,0.19
837,198483.50,198918.30,-434.8000,395,454,409,0.19
838,218579.10,218579.10,0.0000,435,412,411,0.16
839,223747.30,223747.30,-0.0000,443,403,412,0.15
840,209472.80,211191.80,-1719.0000,419,443,396,0.16
841,208641.50,209087.00,-445.5000,410,432,416,0.22
842,208533.20,208533.20,0.0000,413,423,422,0.18
843,217453.10,217453.10,-0.0000,428,412,418,0.21
844,197550.00,197550.00,0.0000,390,437,431,0.16
845,227458.40,228758.80,-1300.4000,451,410,397,0.23
846,219347.50,219347.50,0.0000,435,431,392,0.20
847,206392.70,207695.00,-1302.3000,408,430,420,0.17
848,207449.00,209587.80,-2138.8000,418,411,429,0.15
849,219220.80,221359.60,-2138.8000,439,404,415,0.17
850,218634.00,218634.00,-0.0000,435,420,403,0.19
851,222912.30,223357.80,-445.5000,442,395,421,0.19
852,210182.70,211485.00,-1302.3000,418,435,405,0.18
853,211135.30,211135.30,0.0000,418,418,422,0.18
854,199934.10,200379.60,-445.5000,400,434,424,0.17
855,217405.90,217405.90,0.0000,429,398,431,0.22
856,206467.00,206912.50,-445.5000,407,423,428,0.14
857,220745.10,220745.10,0.0000,433,434,391,0.14
858,213676.80,216230.40,-2553.6000,430,422,406,0.14
859,207855.30,207855.30,0.0000,411,444,403,0.16
860,217491.00,218371.30,-880.3000,431,419,408,0.15
861,195306.40,196173.90,-867.5000,392,429,437,0.21
862,217004.40,217004.40,0.0000,428,408,422,0.15
863,208520.60,208520.60,0.0000,410,435,413,0.18
864,218623.70,219897.00,-1273.3000,435,437,386,0.21
865,223431.60,223431.60,0.0000,440,428,390,0.18
866,225794.10,227921.60,-2127.5000,449,416,393,0.25
867,208091.80,208928.30,-836.5000,413,434,411,0.17
868,212636.70,213082.20,-445.5000,424,435,399,0.17
869,205825.30,206270.80,-445.5000,405,435,418,0.14
870,218349.60,218795.10,-445.5000,432,429,397,0.17
871,215512.40,215957.90,-445.5000,426,409,423,0.15
872,213638.40,215339.10,-1700.7000,427,429,402,0.19
873,205966.70,206412.20,-445.5000,408,411,439,0.28
874,226129.00,226129.00,0.0000,447,421,390,0.16
875,201317.00,202184.50,-867.5000,401,433,424,0.14
876,212318.40,212318.40,-0.0000,420,430,408,0.16
877,205764.60,207041.40,-1276.8000,408,424,426,0.15
878,211857.30,212292.10,-434.8000,419,431,408,0.14
879,212965.20,213400.00,-434.8000,418,436,404,0.14
880,211157.90,211157.90,-0.0000,417,417,424,0.16
881,207790.70,207790.70,0.0000,409,440,409,0.16
882,204644.30,204644.30,-0.0000,406,416,436,0.18
883,216492.60,216492.60,0.0000,426,410,422,0.21
884,224136.80,224136.80,0.0000,442,425,391,0.21
885,221216.10,222492.90,-1276.8000,440,417,401,0.14
886,217086.90,217086.90,0.0000,428,425,405,0.17
887,215752.90,215752.90,-0.0000,423,423,412,0.18
888,216871.20,217316.70,-445.5000,425,411,422,0.17
889,228119.10,228119.10,-0.0000,449,411,398,0.17
890,231222.00,231222.00,-0.0000,455,425,378,0.15
891,204116.50,204551.30,-434.8000,403,437,418,0.19
892,221897.80,221897.80,0.0000,436,384,438,0.19
893,224687.80,225133.30,-445.5000,448,399,411,0.16
894,208945.70,209380.50,-434.8000,418,434,406,0.18
895,218465.10,218465.10,0.0000,429,440,389,0.20
896,208889.00,209334.50,-445.5000,416,447,395,0.16
897,210918.90,212203.10,-1284.2000,422,438,398,0.16
898,210795.40,210795.40,0.0000,415,419,424,0.18
899,230516.30,230516.30,0.0000,455,399,404,0.19
900,222311.00,223613.30,-1302.3000,441,423,394,0.16
901,217669.70,220237.50,-2567.8000,433,401,424,0.15
902,212592.60,214283.50,-1690.9000,425,427,406,0.18
903,208167.00,209469.30,-1302.3000,410,426,422,0.17
904,215367.10,215783.60,-416.5000,430,413,415,0.16
905,213501.20,215198.40,-1697.2000,428,411,419,0.18
906,231622.60,232502.90,-880.3000,461,446,351,0.17
907,207110.60,207110.60,-0.0000,407,433,418,0.17
908,211768.30,211768.30,0.0000,420,409,429,0.15
909,229757.30,229757.30,0.0000,455,408,395,0.17
910,215513.90,215513.90,0.0000,427,438,393,0.18
911,199797.20,199797.20,0.0000,396,436,426,0.15
912,213516.30,214818.60,-1302.3000,428,419,411,0.20
913,213221.60,214901.90,-1680.2999,422,448,388,0.18
914,199801.60,201520.60,-1719.0000,401,406,451,0.15
915,207494.60,207494.60,0.0000,409,429,420,0.14
916,206898.80,206898.80,0.0000,409,419,430,0.14
917,196916.70,197362.20,-445.5000,393,467,398,0.21
918,211291.10,211291.10,-0.0000,417,440,401,0.18
919,218599.40,220318.40,-1719.0000,439,411,408,0.18
920,217098.90,217964.40,-865.5000,428,428,402,0.14
921,193869.80,193869.80,0.0000,382,436,440,0.14
922,220580.70,220580.70,0.0000,437,383,438,0.18
923,220860.80,220860.80,0.0000,434,443,381,0.14
924,207275.10,207275.10,0.0000,409,426,423,0.14
925,216208.90,216208.90,0.0000,429,429,400,0.14
926,203057.40,203057.40,0.0000,403,432,423,0.18
927,216985.00,216985.00,0.0000,432,412,414,0.19
928,209700.90,209700.90,0.0000,414,424,420,0.17
929,208689.80,209135.30,-445.5000,412,406,440,0.18
930,214787.00,214787.00,0.0000,427,393,438,0.17
931,211905.00,211905.00,0.0000,419,434,405,0.28
932,220283.70,221993.30,-1709.6000,437,423,398,0.19
933,217181.60,217181.60,0.0000,427,430,401,0.15
934,219206.30,219206.30,0.0000,435,429,394,0.18
935,222352.20,222352.20,0.0000,441,410,407,0.17
936,201864.00,202286.00,-422.0000,397,431,430,0.20
937,202422.70,202868.20,-445.5000,403,434,421,0.17
938,205596.60,206042.10,-445.5000,405,460,393,0.15
939,212187.90,212609.90,-422.0000,419,432,407,0.17
940,214439.50,214885.00,-445.5000,426,428,404,0.16
941,205449.70,206317.20,-867.5000,407,418,433,0.19
942,215582.80,216439.60,-856.8000,427,442,389,0.18
943,213612.50,213612.50,0.0000,418,439,401,0.15
944,217615.60,217615.60,0.0000,430,406,422,0.14
945,214745.50,215587.50,-842.0000,426,432,400,0.17
946,218520.50,220659.50,-2139.0000,436,419,403,0.19
947,219139.80,220427.40,-1287.6000,436,404,418,0.19
948,215390.30,215390.30,0.0000,423,414,421,0.17
949,211447.10,213559.90,-2112.8000,423,435,400,0.14
950,211064.90,211064.90,0.0000,420,407,431,0.15
951,210881.20,211326.70,-445.5000,422,405,431,0.19
952,212838.00,212838.00,0.0000,425,433,400,0.16
953,202608.20,202608.20,0.0000,398,434,426,0.17
954,210514.80,210514.80,0.0000,417,446,395,0.18
955,210323.60,211203.90,-880.3000,420,407,431,0.16
956,220852.80,220852.80,0.0000,435,406,417,0.16
957,216193.40,217058.90,-865.5000,427,411,420,0.16
958,222074.30,222074.30,0.0000,439,415,404,0.17
959,220323.00,221203.30,-880.3000,437,413,408,0.16
960,210345.40,212906.00,-2560.5999,422,411,425,0.16
961,202367.00,202367.00,-0.0000,401,454,403,0.19
962,209279.50,209279.50,0.0000,410,440,408,0.16
963,214953.50,214953.50,0.0000,428,429,401,0.16
964,213858.10,214303.60,-445.5000,429,415,414,0.18
965,222086.00,222086.00,0.0000,438,423,397,0.16
966,209176.30,210041.80,-865.5000,421,417,420,0.16
967,209969.30,211242.80,-1273.5000,413,429,416,0.15
968,209642.80,210077.60,-434.8000,416,412,430,0.18
969,198793.00,199238.50,-445.5000,394,433,431,0.18
970,212151.00,212151.00,0.0000,420,442,396,0.16
971,217383.50,217383.50,0.0000,428,402,428,0.14
972,211972.40,212852.70,-880.3000,421,427,410,0.16
973,217242.30,217242.30,0.0000,432,431,395,0.17
974,210759.20,210759.20,0.0000,416,453,389,0.17
975,205789.20,205789.20,0.0000,409,426,423,0.19
976,215093.30,215093.30,0.0000,424,435,399,0.14
977,206814.30,207249.10,-434.8000,410,430,418,0.14
978,210050.50,210496.00,-445.5000,417,424,417,0.17
979,215452.00,215452.00,0.0000,429,428,401,0.16
980,226812.20,226812.20,0.0000,447,389,422,0.18
981,209564.60,209564.60,0.0000,416,415,427,0.19
982,196348.30,196348.30,0.0000,390,452,416,0.17
983,218243.60,218243.60,0.0000,431,396,431,0.18
984,219849.50,219849.50,-0.0000,435,442,381,0.17
985,211945.10,211945.10,0.0000,417,428,413,0.15
986,212105.40,212105.40,0.0000,420,408,430,0.15
987,215089.80,215089.80,-0.0000,426,420,412,0.19
988,204586.00,205020.80,-434.8000,403,423,432,0.19
989,195108.40,195543.20,-434.8000,388,446,424,0.17
990,218669.30,218669.30,0.0000,430,395,433,0.15
991,212488.60,212923.40,-434.8000,426,412,420,0.14
992,217960.30,218395.10,-434.8000,432,412,414,0.15
993,215027.70,215027.70,-0.0000,425,423,410,0.15
994,224806.80,227360.40,-2553.6000,450,398,410,0.15
995,198558.70,198993.50,-434.8000,395,444,419,0.20
996,197268.50,197268.50,0.0000,392,424,442,0.17
997,208365.70,208365.70,0.0000,417,401,440,0.17
998,217929.90,218375.40,-445.5000,430,412,416,0.16
999,204731.50,204731.50,0.0000,407,428,423,0.14
1000,207088.20,207088.20,-0.0000,407,439,412,0.17
1001,212950.70,213396.20,-445.5000,421,427,410,0.15
1002,216860.00,216860.00,0.0000,432,430,396,0.14
1003,229552.60,229552.60,0.0000,448,407,403,0.14
1004,221858.80,222304.30,-445.5000,443,413,402,0.15
1005,217441.80,217876.60,-434.8000,430,430,398,0.22
1006,213386.80,213386.80,0.0000,420,396,442,0.17
1007,210616.70,210616.70,0.0000,417,433,408,0.18
1008,233903.30,234348.80,-445.5000,459,402,397,0.19
1009,208600.00,209020.00,-420.0000,417,414,427,0.15
1010,211072.70,211072.70,0.0000,417,441,400,0.20
1011,221342.90,221342.90,-0.0000,438,391,429,0.20
1012,217419.20,217419.20,0.0000,430,432,396,0.14
1013,206747.90,206747.90,0.0000,405,433,420,0.15
1014,207284.30,207284.30,0.0000,412,420,426,0.17
1015,214386.00,214386.00,0.0000,426,420,412,0.17
1016,203656.40,204091.20,-434.8000,401,409,448,0.16
1017,209072.70,209072.70,-0.0000,414,449,395,0.14
1018,224944.80,224944.80,0.0000,440,395,423,0.18
1019,201407.10,201852.60,-445.5000,404,409,445,0.17
1020,205783.60,206203.60,-420.0000,408,432,418,0.16
1021,227935.30,227935.30,0.0000,449,415,394,0.17
1022,208449.90,208449.90,0.0000,412,417,429,0.15
1023,206812.00,206812.00,0.0000,410,426,422,0.15
1024,224597.50,224597.50,0.0000,445,417,396,0.16
1025,206601.90,207036.70,-434.8000,409,448,401,0.18
1026,217258.90,217704.40,-445.5000,431,421,406,0.17
1027,223960.00,223960.00,0.0000,443,383,432,0.16
1028,218396.80,218396.80,0.0000,432,416,410,0.21
1029,208385.10,208830.60,-445.5000,414,404,440,0.16
1030,224736.00,225158.00,-422.0000,447,419,392,0.23
1031,196084.90,196084.90,0.0000,389,438,431,0.17
1032,213153.40,213598.90,-445.5000,425,401,432,0.14
1033,211435.50,211435.50,0.0000,420,420,418,0.14
1034,212200.40,215641.10,-3440.7000,427,450,381,0.14
1035,205620.30,205620.30,0.0000,408,417,433,0.14
1036,211781.10,212226.60,-445.5000,418,427,413,0.14
1037,201910.00,202355.50,-445.5000,400,422,436,0.15
1038,212013.80,212865.30,-851.5000,422,410,426,0.18
1039,221652.80,221652.80,0.0000,440,428,390,0.17
1040,218208.90,218208.90,0.0000,431,421,406,0.15
1041,210049.90,210049.90,0.0000,416,428,414,0.15
1042,204716.70,205151.50,-434.8000,403,431,424,0.17
1043,205424.20,205424.20,0.0000,408,409,441,0.16
1044,215548.40,215548.40,0.0000,425,423,410,0.17
1045,206473.40,206473.40,0.0000,408,465,385,0.19
1046,201427.50,201427.50,0.0000,401,433,424,0.17
1047,238209.40,238209.40,0.0000,473,409,376,0.16
1048,210481.00,210481.00,0.0000,415,422,421,0.18
1049,216113.80,217387.30,-1273.5000,431,407,420,0.22
1050,206885.40,206885.40,0.0000,410,443,405,0.17
1051,207740.70,208621.00,-880.3000,415,425,418,0.16
1052,211581.10,212461.40,-880.3000,419,424,415,0.17
1053,212594.40,212594.40,0.0000,420,416,422,0.19
1054,201131.30,201131.30,0.0000,400,434,424,0.17
1055,215754.90,217037.10,-1282.2000,429,428,401,0.14
1056,207720.80,208994.30,-1273.5000,415,427,416,0.15
1057,208780.60,209226.10,-445.5000,416,437,405,0.14
1058,218871.60,219317.10,-445.5000,434,448,376,0.17
1059,212744.90,214016.40,-1271.5000,423,417,418,0.19
1060,211393.70,211393.70,-0.0000,417,420,421,0.15
1061,211531.10,211531.10,-0.0000,416,431,411,0.14
1062,210611.70,210611.70,0.0000,411,438,409,0.16
1063,210886.30,210886.30,-0.0000,416,415,427,0.16
1064,207186.90,207186.90,0.0000,413,434,411,0.14
1065,205989.50,205989.50,0.0000,409,450,399,0.14
1066,207935.00,208380.50,-445.5000,414,428,416,0.15
1067,206256.40,207123.90,-867.5000,411,435,412,0.16
1068,224728.70,224728.70,0.0000,444,430,384,0.20
1069,235172.90,235172.90,0.0000,464,374,420,0.17
1070,204015.60,205287.10,-1271.5000,407,438,413,0.17
1071,205944.90,206796.40,-851.5000,413,441,404,0.15
1072,203938.90,205632.40,-1693.5000,408,423,427,0.15
1073,213624.70,214906.90,-1282.2000,423,403,432,0.17
1074,224415.10,224860.60,-445.5000,445,413,400,0.18
1075,220054.20,220054.20,0.0000,433,412,413,0.20
1076,228519.00,228519.00,-0.0000,453,424,381,0.14
1077,205568.70,208547.00,-2978.2999,415,420,423,0.17
1078,219887.60,219887.60,0.0000,435,424,399,0.23
1079,209579.20,212163.50,-2584.3000,421,424,413,0.19
1080,218235.00,218235.00,-0.0000,431,431,396,0.21
1081,203594.80,204040.30,-445.5000,405,421,432,0.18
1082,212740.50,213186.00,-445.5000,421,467,370,0.20
1083,215721.80,215721.80,0.0000,426,418,414,0.17
1084,199998.10,199998.10,0.0000,395,440,423,0.18
1085,221466.10,224034.30,-2568.2000,442,422,394,0.15
1086,216942.10,217387.60,-445.5000,428,415,415,0.16
1087,222325.80,222325.80,0.0000,446,427,385,0.16
1088,208647.80,208647.80,0.0000,414,415,429,0.20
1089,224521.80,224521.80,0.0000,443,392,423,0.15
1090,215693.80,216561.30,-867.5000,427,394,437,0.15
1091,217715.10,217715.10,0.0000,430,418,410,0.16
1092,213305.90,213305.90,0.0000,423,443,392,0.17
1093,199649.30,200506.10,-856.8000,399,428,431,0.21
1094,222867.90,223289.90,-422.0000,444,408,406,0.15
1095,223609.80,224446.50,-836.7000,442,414,402,0.14
1096,210293.90,211174.20,-880.3000,417,430,411,0.14
1097,201342.80,202223.10,-880.3000,400,449,409,0.14
1098,223447.90,223447.90,0.0000,441,421,396,0.17
1099,202112.00,202112.00,0.0000,404,429,425,0.15
1100,223995.20,226550.70,-2555.5000,448,415,395,0.16
1101,213024.20,213440.90,-416.7000,423,413,422,0.17
1102,222205.80,222205.80,0.0000,443,386,429,0.15
1103,191709.10,192154.60,-445.5000,385,464,409,0.15
1104,220453.90,220453.90,0.0000,437,404,417,0.21
1105,211010.70,211010.70,-0.0000,417,425,416,0.22
1106,226711.40,226711.40,0.0000,448,414,396,0.16
1107,213170.90,214453.10,-1282.2000,423,436,399,0.20
1108,209094.90,209962.40,-867.5000,420,430,408,0.15
1109,209076.90,209944.40,-867.5000,417,420,421,0.16
1110,222780.20,222780.20,0.0000,439,409,410,0.19
1111,210137.20,211414.00,-1276.8000,416,424,418,0.16
1112,210355.60,210355.60,0.0000,413,441,404,0.16
1113,202731.60,202731.60,0.0000,399,430,429,0.18
1114,202969.30,204222.50,-1253.2000,404,456,398,0.19
1115,214356.60,215211.40,-854.8000,426,435,397,0.17
1116,218316.50,219196.80,-880.3000,433,403,422,0.20
1117,205218.70,205218.70,0.0000,408,452,398,0.18
1118,208602.00,208602.00,0.0000,414,430,414,0.16
1119,196913.70,196913.70,0.0000,393,454,411,0.19
1120,216298.10,216298.10,0.0000,430,405,423,0.14
1121,194785.60,194785.60,0.0000,390,450,418,0.16
1122,206521.00,206521.00,0.0000,407,428,423,0.16
1123,212075.80,212075.80,-0.0000,419,418,421,0.14
1124,209024.60,209024.60,0.0000,416,419,423,0.14
1125,224539.40,224539.40,0.0000,449,424,385,0.21
1126,204760.90,204760.90,0.0000,404,421,433,0.17
1127,199046.40,200333.90,-1287.5000,394,437,427,0.16
1128,226735.30,226735.30,0.0000,448,411,399,0.15
1129,193466.10,193466.10,0.0000,385,438,435,0.14
1130,215037.00,216339.30,-1302.3000,427,416,415,0.14
1131,220214.60,221094.90,-880.3000,437,430,391,0.19
1132,205625.90,206493.40,-867.5000,411,429,418,0.22
1133,209003.10,209003.10,0.0000,413,427,418,0.20
1134,215981.00,216861.30,-880.3000,429,411,418,0.16
1135,220733.00,220733.00,0.0000,433,412,413,0.19
1136,197764.00,197764.00,0.0000,389,405,464,0.17
1137,208585.90,210302.30,-1716.4000,417,450,391,0.25
1138,214874.30,215319.80,-445.5000,424,438,396,0.21
1139,207774.90,207774.90,0.0000,414,441,403,0.18
1140,207232.60,208534.90,-1302.3000,413,401,444,0.14
1141,220675.10,221120.60,-445.5000,436,416,406,0.15
1142,224197.60,224643.10,-445.5000,442,401,415,0.16
1143,205223.10,205668.60,-445.5000,405,437,416,0.23
1144,217965.10,218410.60,-445.5000,434,418,406,0.21
1145,212066.80,212488.80,-422.0000,419,414,425,0.17
1146,224065.20,224500.00,-434.8000,442,419,397,0.20
1147,203281.20,204119.70,-838.5000,406,426,426,0.21
1148,213505.90,214386.20,-880.3000,426,401,431,0.17
1149,211836.10,211836.10,0.0000,424,425,409,0.17
1150,202451.00,202451.00,-0.0000,398,451,409,0.15
1151,211098.80,211955.60,-856.8000,425,418,415,0.18
1152,215885.40,215885.40,0.0000,427,405,426,0.15
1153,204553.70,204553.70,0.0000,408,421,429,0.15
1154,205280.20,205280.20,0.0000,408,411,439,0.15
1155,226979.90,227860.20,-880.3000,449,431,378,0.17
1156,209808.30,209808.30,0.0000,412,437,409,0.15
1157,215782.70,215782.70,0.0000,425,385,448,0.18
1158,203206.90,203206.90,0.0000,402,418,438,0.14
1159,200293.80,200293.80,0.0000,399,436,423,0.14
1160,201722.70,201722.70,0.0000,402,451,405,0.14
1161,226768.10,227190.10,-422.0000,447,416,395,0.14
1162,215411.50,215833.50,-422.0000,426,418,414,0.16
1163,222115.90,222115.90,0.0000,438,421,399,0.15
1164,200884.10,200884.10,-0.0000,402,418,438,0.15
1165,210860.80,211306.30,-445.5000,420,429,409,0.15
1166,227970.30,227970.30,0.0000,450,421,387,0.16
1167,202322.10,204035.60,-1713.5000,405,443,410,0.15
1168,203739.90,203739.90,-0.0000,405,429,424,0.16
1169,206872.80,206872.80,0.0000,413,429,416,0.19
1170,216099.30,216544.80,-445.5000,430,404,424,0.18
1171,212432.80,212878.30,-445.5000,424,402,432,0.16
1172,215087.90,215504.60,-416.7000,430,434,394,0.15
1173,212140.70,213021.00,-880.3000,423,434,401,0.15
1174,223872.00,223872.00,-0.0000,437,422,399,0.19
1175,204106.10,204106.10,0.0000,406,417,435,0.17
1176,221752.70,222198.20,-445.5000,439,394,425,0.15
1177,202179.10,202179.10,0.0000,401,453,404,0.16
1178,226204.90,226204.90,0.0000,445,435,378,0.15
1179,217881.70,217881.70,0.0000,431,403,424,0.15
1180,206282.00,206727.50,-445.5000,409,435,414,0.15
1181,227767.50,228213.00,-445.5000,453,397,408,0.26
1182,220951.50,220951.50,0.0000,441,418,399,0.17
1183,207122.20,207122.20,0.0000,411,446,401,0.17
1184,210044.90,210044.90,0.0000,418,414,426,0.16
1185,219871.90,221590.90,-1719.0000,438,418,402,0.19
1186,213396.70,213842.20,-445.5000,423,424,411,0.17
1187,209039.30,209039.30,0.0000,413,437,408,0.17
1188,222704.50,223566.70,-862.2000,437,431,390,0.16
1189,221298.40,221298.40,0.0000,440,414,404,0.18
1190,209340.40,210202.60,-862.2000,417,433,408,0.19
1191,218149.30,218149.30,0.0000,432,423,403,0.16
1192,206338.30,206338.30,0.0000,409,405,444,0.19
1193,214366.70,215223.50,-856.8000,428,421,409,0.14
1194,209782.10,210227.60,-445.5000,415,424,419,0.14
1195,216406.80,216406.80,0.0000,427,406,425,0.14
1196,209201.10,209646.60,-445.5000,416,436,406,0.18
1197,223639.60,223639.60,0.0000,442,406,410,0.19
1198,195964.80,195964.80,0.0000,392,425,441,0.17
1199,228118.60,228118.60,0.0000,456,381,421,0.16
1200,204407.00,205707.30,-1300.3000,413,414,431,0.17
1201,208043.60,208489.10,-445.5000,415,424,419,0.17
1202,212333.90,212333.90,0.0000,424,438,396,0.17
1203,211402.60,213099.50,-1696.9000,423,435,400,0.17
1204,213440.00,213440.00,0.0000,421,411,426,0.24
1205,216742.40,216742.40,0.0000,431,400,427,0.16
1206,211188.00,211188.00,0.0000,417,422,419,0.18
1207,227739.50,228174.30,-434.8000,447,403,408,0.15
1208,211716.20,212161.70,-445.5000,420,426,412,0.17
1209,208205.00,208205.00,0.0000,407,441,410,0.17
1210,210959.20,212659.90,-1700.7000,420,404,434,0.18
1211,210745.00,210745.00,-0.0000,421,410,427,0.16
1212,196861.40,197728.90,-867.5000,393,442,423,0.20
1213,211842.00,213126.20,-1284.2000,422,419,417,0.18
1214,207811.20,207811.20,0.0000,412,425,421,0.14
1215,212857.70,213303.20,-445.5000,422,433,403,0.14
1216,224715.70,225161.20,-445.5000,445,433,380,0.20
1217,205468.60,205468.60,0.0000,405,429,424,0.18
1218,223141.50,223141.50,-0.0000,438,435,385,0.14
1219,215921.40,215921.40,0.0000,431,417,410,0.17
1220,210354.50,210354.50,0.0000,415,425,418,0.14
1221,210024.60,210459.40,-434.8000,414,417,427,0.14
1222,210558.00,210558.00,-0.0000,418,432,408,0.15
1223,206423.20,207303.50,-880.3000,413,411,434,0.14
1224,217032.50,217478.00,-445.5000,433,415,410,0.14
1225,219993.50,219993.50,0.0000,434,412,412,0.22
1226,201698.00,202143.50,-445.5000,402,433,423,0.17
1227,208215.00,208215.00,0.0000,410,444,404,0.18
1228,200233.70,200679.20,-445.5000,397,444,417,0.13
1229,211727.10,211727.10,0.0000,423,443,392,0.14
1230,214398.10,214832.90,-434.8000,431,390,437,0.16
1231,217586.50,217586.50,0.0000,427,409,422,0.18
1232,212224.40,212224.40,-0.0000,419,421,418,0.17
1233,192102.60,192537.40,-434.8000,382,461,415,0.14
1234,225597.90,226043.40,-445.5000,448,431,379,0.14
1235,215412.00,216699.50,-1287.5000,431,418,409,0.15
1236,209801.10,209801.10,0.0000,417,415,426,0.14
1237,219803.10,219803.10,0.0000,436,419,403,0.14
1238,211821.20,211821.20,0.0000,422,456,380,0.16
1239,204400.40,204400.40,0.0000,408,428,422,0.15
1240,221239.60,221661.60,-422.0000,437,413,408,0.14
1241,218959.80,220658.50,-1698.7000,438,412,408,0.15
1242,208871.10,208871.10,0.0000,414,463,381,0.15
1243,214975.30,214975.30,0.0000,427,436,395,0.15
1244,204895.90,204895.90,0.0000,403,433,422,0.14
1245,212245.60,213513.60,-1268.0000,425,420,413,0.16
1246,219606.80,220052.30,-445.5000,431,426,401,0.16
1247,208641.40,208641.40,-0.0000,408,440,410,0.19
1248,221961.50,221961.50,0.0000,441,417,400,0.16
1249,212311.80,213192.10,-880.3000,426,432,400,0.15
1250,210092.20,210537.70,-445.5000,417,423,418,0.15
1251,210463.40,210463.40,0.0000,419,411,428,0.18
1252,201851.90,202706.70,-854.8000,404,431,423,0.16
1253,205720.00,207004.20,-1284.2000,412,410,436,0.18
1254,224017.90,224463.40,-445.5000,443,426,389,0.15
1255,216377.00,216377.00,0.0000,432,429,397,0.15
1256,203060.70,203060.70,0.0000,405,436,417,0.14
1257,218378.00,219258.30,-880.3000,436,415,407,0.18
1258,210972.00,211417.50,-445.5000,422,433,403,0.17
1259,207936.30,208358.30,-422.0000,415,443,400,0.22
1260,210057.40,210492.20,-434.8000,417,382,459,0.19
1261,206226.20,206671.70,-445.5000,413,428,417,0.19
1262,213756.80,214191.60,-434.8000,424,439,395,0.16
1263,215826.70,215826.70,0.0000,425,418,415,0.15
1264,212498.60,212498.60,0.0000,421,437,400,0.19
1265,209640.40,209640.40,0.0000,415,412,431,0.19
1266,199631.30,199631.30,0.0000,394,456,408,0.17
1267,201259.20,201259.20,0.0000,399,453,406,0.18
1268,205741.50,205741.50,0.0000,410,462,386,0.16
1269,208481.90,208481.90,0.0000,414,425,419,0.24
1270,215057.20,215057.20,0.0000,419,442,397,0.16
1271,210297.50,211136.20,-838.7000,418,419,421,0.16
1272,211775.80,212221.30,-445.5000,424,415,419,0.20
1273,224620.90,224620.90,0.0000,443,418,397,0.19
1274,215901.10,215901.10,-0.0000,431,427,400,0.15
1275,202401.70,202401.70,0.0000,401,437,420,0.16
1276,213775.00,213775.00,0.0000,426,424,408,0.17
1277,211875.90,211875.90,0.0000,422,445,391,0.18
1278,212037.80,213754.80,-1717.0000,424,425,409,0.20
1279,211888.70,211888.70,0.0000,421,437,400,0.17
1280,200853.20,200853.20,0.0000,400,425,433,0.19
1281,201338.40,201338.40,0.0000,399,429,430,0.15
1282,200377.80,200377.80,-0.0000,397,439,422,0.22
1283,217671.80,217671.80,0.0000,434,420,404,0.19
1284,214379.90,215682.20,-1302.3000,428,415,415,0.15
1285,216005.00,216450.50,-445.5000,429,440,389,0.19
1286,216341.10,216786.60,-445.5000,425,438,395,0.21
1287,207239.40,207684.90,-445.5000,411,422,425,0.16
1288,217652.00,217652.00,0.0000,434,409,415,0.15
1289,207652.50,207652.50,0.0000,412,434,412,0.21
1290,189257.60,189257.60,0.0000,376,433,449,0.19
1291,205285.70,205285.70,0.0000,405,443,410,0.14
1292,206166.80,206612.30,-445.5000,412,450,396,0.14
1293,209546.70,209992.20,-445.5000,415,427,416,0.17
1294,213977.30,216557.70,-2580.4000,430,402,426,0.15
1295,210069.60,210486.10,-416.5000,412,440,406,0.19
1296,215761.10,215761.10,0.0000,427,402,429,0.18
1297,215859.60,216305.10,-445.5000,428,403,427,0.20
1298,216524.70,216524.70,0.0000,430,433,395,0.20
1299,215587.60,216009.60,-422.0000,430,440,388,0.14
1300,212108.70,212108.70,0.0000,418,421,419,0.14
1301,215758.60,215758.60,0.0000,429,423,406,0.21
1302,220370.60,221232.80,-862.2000,435,435,388,0.23
1303,206723.20,206723.20,-0.0000,410,403,445,0.21
1304,226843.50,227680.20,-836.7000,450,402,406,0.15
1305,209444.00,209444.00,0.0000,419,439,400,0.15
1306,194295.10,194295.10,0.0000,386,436,436,0.15
1307,199737.40,199737.40,-0.0000,396,420,442,0.15
1308,216918.50,216918.50,0.0000,432,427,399,0.18
1309,206496.90,206496.90,0.0000,408,422,428,0.18
1310,213790.90,214225.70,-434.8000,425,431,402,0.20
1311,218285.10,218730.60,-445.5000,430,412,416,0.17
1312,214492.20,214937.70,-445.5000,425,382,451,0.20
1313,217532.90,217532.90,-0.0000,435,411,412,0.23
1314,221213.20,221658.70,-445.5000,440,456,362,0.17
1315,215416.80,216693.60,-1276.8000,431,443,384,0.19
1316,211728.20,211728.20,0.0000,418,443,397,0.14
1317,226523.20,226523.20,0.0000,446,402,410,0.17
1318,207547.80,207967.80,-420.0000,411,438,409,0.18
1319,217114.20,217114.20,0.0000,426,415,417,0.18
1320,199538.00,199538.00,-0.0000,395,418,445,0.16
1321,205331.90,206212.20,-880.3000,409,412,437,0.15
1322,208603.10,211158.60,-2555.5000,421,436,401,0.14
1323,205884.30,206329.80,-445.5000,405,413,440,0.16
1324,203578.90,203578.90,0.0000,411,428,419,0.21
1325,216133.10,216133.10,0.0000,433,428,397,0.16
1326,201659.90,202947.40,-1287.5000,402,412,444,0.19
1327,213189.80,213189.80,0.0000,420,432,406,0.22
1328,215087.80,215087.80,-0.0000,425,430,403,0.19
1329,218026.70,218888.90,-862.2000,431,430,397,0.15
1330,206881.80,206881.80,-0.0000,412,430,416,0.18
1331,221574.00,223694.70,-2120.7000,444,433,381,0.22
1332,211240.40,211240.40,0.0000,419,418,421,0.15
1333,213749.90,215468.90,-1719.0000,427,426,405,0.16
1334,218716.30,219161.80,-445.5000,433,422,403,0.21
1335,212763.90,213209.40,-445.5000,423,421,414,0.16
1336,195360.70,195806.20,-445.5000,389,438,431,0.14
1337,206030.60,206465.40,-434.8000,410,412,436,0.18
1338,226535.90,227416.20,-880.3000,446,415,397,0.15
1339,206449.10,206449.10,0.0000,413,454,391,0.14
1340,216752.50,216752.50,0.0000,433,418,407,0.15
1341,238498.00,239800.30,-1302.3000,476,380,402,0.19
1342,209154.00,209154.00,0.0000,411,425,422,0.16
1343,214528.80,214963.60,-434.8000,428,399,431,0.15
1344,223369.90,223369.90,0.0000,443,414,401,0.17
1345,207251.60,207686.40,-434.8000,413,431,414,0.16
1346,206199.60,207067.10,-867.5000,410,430,418,0.14
1347,212430.50,212430.50,0.0000,418,415,425,0.17
1348,217246.40,218113.90,-867.5000,433,412,413,0.16
1349,209788.30,209788.30,0.0000,417,419,422,0.14
1350,218664.90,219521.70,-856.8000,436,419,403,0.14
1351,211125.20,211125.20,0.0000,414,434,410,0.14
1352,215773.10,215773.10,0.0000,427,414,417,0.14
1353,202254.10,202688.90,-434.8000,403,442,413,0.15
1354,215141.20,215141.20,0.0000,426,413,419,0.18
1355,210966.90,210966.90,0.0000,414,428,416,0.14
1356,220874.10,221741.60,-867.5000,441,413,404,0.14
1357,205977.20,206839.40,-862.2000,409,428,421,0.26
1358,216172.60,218738.90,-2566.3000,429,431,398,0.18
1359,207413.50,207413.50,0.0000,413,423,422,0.20
1360,201765.40,202622.20,-856.8000,403,426,429,0.19
1361,213590.30,214470.60,-880.3000,425,384,449,0.15
1362,215401.60,215401.60,0.0000,426,408,424,0.17
1363,201913.30,201913.30,-0.0000,403,427,428,0.16
1364,217231.80,217231.80,0.0000,433,416,409,0.15
1365,202299.60,202299.60,0.0000,398,448,412,0.14
1366,220497.50,220943.00,-445.5000,439,427,392,0.15
1367,208694.30,208694.30,0.0000,416,411,431,0.16
1368,208591.60,208591.60,-0.0000,415,421,422,0.17
1369,208147.20,209027.50,-880.3000,413,430,415,0.20
1370,206888.40,207310.40,-422.0000,411,435,412,0.19
1371,219985.30,220430.80,-445.5000,436,411,411,0.15
1372,211341.70,213060.70,-1719.0000,421,430,407,0.14
1373,206301.40,206301.40,0.0000,408,427,423,0.14
1374,209587.30,211298.30,-1711.0000,417,428,413,0.14
1375,213351.40,214633.40,-1282.0000,425,424,409,0.17
1376,216011.30,216456.80,-445.5000,428,416,414,0.18
1377,207699.10,207699.10,-0.0000,411,424,423,0.17
1378,202815.60,204539.50,-1723.8999,407,434,417,0.17
1379,206591.80,207037.30,-445.5000,410,413,435,0.14
1380,198491.60,198491.60,-0.0000,392,434,432,0.14
1381,215022.70,215022.70,0.0000,426,423,409,0.17
1382,208406.10,208406.10,0.0000,413,435,410,0.17
1383,201421.60,201867.10,-445.5000,398,393,467,0.17
1384,203917.60,207412.80,-3495.2000,414,451,393,0.17
1385,204676.80,204676.80,0.0000,403,404,451,0.17
1386,224447.80,224447.80,0.0000,449,428,381,0.16
1387,211308.50,212610.80,-1302.3000,426,413,419,0.16
1388,203485.00,203485.00,0.0000,402,432,424,0.18
1389,212867.30,212867.30,0.0000,421,429,408,0.19
1390,195069.10,195069.10,0.0000,387,443,428,0.17
1391,222822.00,222822.00,0.0000,441,399,418,0.16
1392,192250.60,192696.10,-445.5000,385,439,434,0.15
1393,203090.50,203090.50,0.0000,402,427,429,0.16
1394,197627.80,199344.90,-1717.0999,393,407,458,0.19
1395,204160.70,204160.70,-0.0000,404,412,442,0.16
1396,201672.40,202117.90,-445.5000,403,425,430,0.17
1397,220219.40,221099.70,-880.3000,439,417,402,0.15
1398,210790.90,210790.90,0.0000,416,426,416,0.17
1399,217537.70,217537.70,0.0000,429,403,426,0.18
1400,201804.20,202226.20,-422.0000,399,431,428,0.15
1401,210064.40,210064.40,0.0000,414,424,420,0.22
1402,210739.20,210739.20,0.0000,416,397,445,0.17
1403,219523.40,219523.40,0.0000,431,396,431,0.16
1404,212783.60,213229.10,-445.5000,427,428,403,0.16
1405,210749.50,210749.50,0.0000,416,435,407,0.19
1406,216236.90,217539.20,-1302.3000,433,407,418,0.16
1407,219158.30,219603.80,-445.5000,432,423,403,0.18
1408,205799.30,205799.30,0.0000,409,454,395,0.15
1409,216484.10,216484.10,0.0000,430,423,405,0.16
1410,214676.50,214676.50,0.0000,428,434,396,0.15
1411,210594.40,210594.40,-0.0000,413,420,425,0.19
1412,224102.40,224102.40,0.0000,444,420,394,0.16
1413,218081.00,218515.80,-434.8000,432,408,418,0.15
1414,213837.30,214679.30,-842.0000,423,440,395,0.18
1415,232897.30,232897.30,0.0000,464,406,388,0.15
1416,203231.60,203231.60,0.0000,400,436,422,0.14
1417,224944.60,224944.60,0.0000,443,417,398,0.15
1418,218815.00,218815.00,-0.0000,436,413,409,0.18
1419,218763.40,218763.40,0.0000,435,416,407,0.18
1420,203097.00,203097.00,0.0000,405,427,426,0.15
1421,210824.70,211705.00,-880.3000,420,428,410,0.16
1422,209315.60,210195.90,-880.3000,421,427,410,0.17
1423,201680.40,201680.40,0.0000,402,449,407,0.16
1424,209219.70,209219.70,0.0000,419,405,434,0.17
1425,218775.70,218775.70,0.0000,432,437,389,0.14
1426,216673.70,217119.20,-445.5000,436,448,374,0.14
1427,207162.80,208043.10,-880.3000,413,417,428,0.15
1428,207317.10,207317.10,-0.0000,411,440,407,0.21
1429,199938.30,199938.30,0.0000,399,452,407,0.15
1430,227506.30,228373.80,-867.5000,452,421,385,0.20
1431,213361.90,215066.10,-1704.2000,425,436,397,0.22
1432,210406.70,210406.70,0.0000,419,408,431,0.19
1433,208939.90,209374.70,-434.8000,418,434,406,0.21
1434,210563.30,211008.80,-445.5000,421,435,402,0.17
1435,222295.60,222295.60,0.0000,439,422,397,0.18
1436,220406.70,220406.70,0.0000,436,421,401,0.18
1437,208402.10,208402.10,0.0000,417,399,442,0.16
1438,210504.80,210504.80,-0.0000,419,440,399,0.16
1439,203612.60,204492.90,-880.3000,404,425,429,0.14
1440,218228.30,218228.30,0.0000,431,429,398,0.14
1441,218224.20,219091.70,-867.5000,435,427,396,0.15
1442,218983.40,218983.40,0.0000,435,402,421,0.20
1443,210809.30,211254.80,-445.5000,423,413,422,0.15
1444,227643.80,228065.80,-422.0000,449,433,376,0.17
1445,230117.40,230117.40,0.0000,455,422,381,0.26
1446,210837.20,211679.20,-842.0000,418,435,405,0.19
1447,205242.80,205242.80,0.0000,409,439,410,0.23
1448,206521.40,206521.40,0.0000,409,417,432,0.16
1449,214030.80,214465.60,-434.8000,427,409,422,0.20
1450,201226.40,201226.40,0.0000,397,433,428,0.24
1451,204597.30,205868.80,-1271.5000,409,442,407,0.19
1452,200775.00,201220.50,-445.5000,398,440,420,0.15
1453,217234.60,217234.60,0.0000,433,408,417,0.18
1454,212216.90,212662.40,-445.5000,422,431,405,0.14
1455,207844.70,208290.20,-445.5000,416,418,424,0.21
1456,219367.70,220235.20,-867.5000,438,423,397,0.17
1457,222062.60,223321.10,-1258.5000,441,425,392,0.14
1458,206132.60,207012.90,-880.3000,410,453,395,0.14
1459,211977.20,211977.20,0.0000,419,457,382,0.15
1460,206871.80,206871.80,0.0000,409,453,396,0.21
1461,199755.40,201020.30,-1264.9000,398,442,418,0.19
1462,205048.60,205916.10,-867.5000,405,435,418,0.17
1463,214064.00,214915.50,-851.5000,430,429,399,0.15
1464,199572.40,199572.40,0.0000,397,448,413,0.15
1465,227485.00,227485.00,0.0000,445,393,420,0.15
1466,219373.20,219373.20,0.0000,433,422,403,0.15
1467,201153.40,202033.70,-880.3000,400,429,429,0.14
1468,220695.20,221957.30,-1262.1000,439,404,415,0.17
1469,206537.80,206537.80,0.0000,408,418,432,0.16
1470,209598.80,209598.80,0.0000,415,426,417,0.17
1471,213127.20,215244.20,-2117.0000,429,405,424,0.17
1472,208949.40,208949.40,0.0000,417,446,395,0.17
1473,208198.80,208198.80,-0.0000,413,442,403,0.14
1474,201251.10,202926.30,-1675.2000,405,460,393,0.18
1475,220066.90,220501.70,-434.8000,437,401,420,0.20
1476,213095.50,213946.80,-851.3000,425,418,415,0.19
1477,192603.40,192603.40,0.0000,385,441,432,0.21
1478,215247.50,216127.80,-880.3000,429,424,405,0.21
1479,214995.10,214995.10,0.0000,427,413,418,0.18
1480,198022.90,198022.90,0.0000,396,432,430,0.18
1481,214955.10,214955.10,0.0000,425,444,389,0.18
1482,211263.20,211263.20,0.0000,419,436,403,0.16
1483,230861.70,230861.70,0.0000,458,401,399,0.17
1484,211889.20,212769.50,-880.3000,423,410,425,0.18
1485,206560.70,207441.00,-880.3000,414,417,427,0.16
1486,202832.40,203277.90,-445.5000,405,438,415,0.20
1487,211692.10,211692.10,0.0000,420,444,394,0.15
1488,208539.20,208539.20,0.0000,414,416,428,0.15
1489,224159.40,224159.40,-0.0000,446,409,403,0.24
1490,204721.00,205166.50,-445.5000,408,415,435,0.21
1491,211094.00,211094.00,0.0000,422,418,418,0.17
1492,222705.80,223562.60,-856.8000,442,424,392,0.23
1493,206166.00,206588.00,-422.0000,409,418,431,0.19
1494,201058.70,201058.70,0.0000,398,427,433,0.18
1495,210764.30,210764.30,-0.0000,419,409,430,0.19
1496,202792.60,202792.60,0.0000,404,423,431,0.15
1497,202028.00,202028.00,0.0000,405,426,427,0.16
1498,207578.20,207578.20,0.0000,408,405,445,0.14
1499,227669.50,228115.00,-445.5000,453,397,408,0.15
1500,198756.10,198756.10,0.0000,397,445,416,0.17
1501,220462.80,220462.80,0.0000,436,423,399,0.20
1502,202276.00,202721.50,-445.5000,403,451,404,0.21
1503,220558.10,220558.10,0.0000,439,418,401,0.17
1504,205188.10,205188.10,0.0000,408,411,439,0.16
1505,221038.60,221880.60,-842.0000,440,425,393,0.23
1506,200220.70,201101.00,-880.3000,400,416,442,0.21
1507,204052.30,204052.30,-0.0000,404,432,422,0.18
1508,197604.60,197604.60,0.0000,392,442,424,0.17
1509,200806.70,201645.20,-838.5000,401,439,418,0.21
1510,201981.30,202426.80,-445.5000,403,414,441,0.19
1511,200618.40,201902.60,-1284.2000,403,449,406,0.16
1512,216351.60,216351.60,0.0000,428,439,391,0.16
1513,223281.10,223281.10,0.0000,441,417,400,0.16
1514,216667.80,217113.30,-445.5000,433,432,393,0.16
1515,205637.50,205637.50,-0.0000,406,440,412,0.18
1516,210477.70,210477.70,0.0000,421,416,421,0.17
1517,193858.40,194303.90,-445.5000,384,449,425,0.14
1518,197728.60,199447.60,-1719.0000,397,456,405,0.14
1519,214933.70,216192.20,-1258.5000,427,439,392,0.14
1520,212394.40,213696.70,-1302.3000,427,451,380,0.16
1521,203511.50,203957.00,-445.5000,404,447,407,0.18
1522,216013.70,216013.70,0.0000,430,420,408,0.17
1523,214012.50,214458.00,-445.5000,422,424,412,0.19
1524,212722.80,214426.80,-1704.0000,429,430,399,0.19
1525,209598.90,209598.90,0.0000,418,427,413,0.20
1526,223876.30,223876.30,0.0000,445,401,412,0.16
1527,215742.10,216164.10,-422.0000,429,445,384,0.14
1528,208130.40,208130.40,0.0000,414,443,401,0.15
1529,195627.60,196073.10,-445.5000,387,455,416,0.15
1530,207830.70,208276.20,-445.5000,414,402,442,0.18
1531,210989.10,210989.10,0.0000,418,414,426,0.18
1532,210447.70,210447.70,0.0000,414,468,376,0.19
1533,226469.00,226469.00,0.0000,449,430,379,0.29
1534,216111.00,216111.00,0.0000,432,440,386,0.18
1535,210526.40,210961.20,-434.8000,418,418,422,0.17
1536,211448.50,211448.50,-0.0000,421,428,409,0.17
1537,211041.20,211041.20,0.0000,416,433,409,0.19
1538,213350.00,213795.50,-445.5000,421,402,435,0.18
1539,205512.50,205512.50,0.0000,406,428,424,0.19
1540,216638.70,216638.70,0.0000,429,421,408,0.20
1541,222767.20,222767.20,0.0000,443,391,424,0.17
1542,223738.90,225012.40,-1273.5000,445,420,393,0.15
1543,209261.10,210567.30,-1306.2000,418,424,416,0.19
1544,220496.30,220496.30,0.0000,435,407,416,0.19
1545,211197.80,212469.10,-1271.3000,423,446,389,0.15
1546,217903.80,217903.80,0.0000,432,416,410,0.17
1547,207568.10,207568.10,0.0000,411,445,402,0.18
1548,213870.00,213870.00,0.0000,424,435,399,0.26
1549,211315.90,211315.90,0.0000,417,408,433,0.16
1550,209300.40,209300.40,0.0000,419,422,417,0.15
1551,220186.10,220186.10,0.0000,439,440,379,0.15
1552,203352.20,203352.20,-0.0000,404,451,403,0.17
1553,203041.00,203486.50,-445.5000,406,419,433,0.16
1554,200599.70,200599.70,0.0000,399,445,414,0.17
1555,212403.70,212403.70,0.0000,424,427,407,0.17
1556,209339.50,209785.00,-445.5000,415,420,423,0.17
1557,223962.30,223962.30,0.0000,446,403,409,0.16
1558,216300.50,217180.80,-880.3000,429,445,384,0.16
1559,205569.10,205569.10,0.0000,404,426,428,0.17
1560,207564.10,208009.60,-445.5000,414,416,428,0.19
1561,205121.80,205978.60,-856.8000,407,420,431,0.15
1562,198723.20,199168.70,-445.5000,401,420,437,0.14
1563,212813.50,212813.50,0.0000,420,432,406,0.15
1564,195339.80,195339.80,0.0000,390,458,410,0.17
1565,204675.10,205120.60,-445.5000,408,419,431,0.17
1566,209153.90,209153.90,0.0000,418,430,410,0.15
1567,221666.00,221666.00,0.0000,439,434,385,0.15
1568,216191.00,216636.50,-445.5000,425,381,452,0.18
1569,215534.60,215534.60,-0.0000,427,408,423,0.17
1570,205041.60,206760.60,-1719.0000,416,426,416,0.15
1571,211923.60,211923.60,0.0000,421,447,390,0.15
1572,201590.90,201590.90,-0.0000,403,434,421,0.16
1573,210654.10,210654.10,-0.0000,417,420,421,0.18
1574,212518.40,212940.40,-422.0000,423,427,408,0.20
1575,220813.60,221259.10,-445.5000,442,439,377,0.19
1576,216684.10,216684.10,0.0000,429,438,391,0.16
1577,202056.40,202056.40,0.0000,398,413,447,0.20
1578,210258.40,210258.40,0.0000,415,412,431,0.15
1579,197609.20,199288.00,-1678.8000,395,427,436,0.14
1580,210793.00,210793.00,0.0000,416,416,426,0.14
1581,217459.00,217893.80,-434.8000,431,429,398,0.14
1582,197388.40,199081.90,-1693.5000,396,450,412,0.16
1583,207072.90,208375.20,-1302.3000,412,417,429,0.15
1584,207012.50,209128.60,-2116.1000,417,430,411,0.14
1585,203028.60,203028.60,0.0000,404,431,423,0.19
1586,210401.60,210401.60,0.0000,417,432,409,0.15
1587,207028.20,207028.20,0.0000,410,449,399,0.14
1588,215167.40,215612.90,-445.5000,426,417,415,0.16
1589,216468.10,216913.60,-445.5000,431,438,389,0.18
1590,213264.00,214131.50,-867.5000,422,416,420,0.15
1591,213003.00,213437.80,-434.8000,421,418,419,0.19
1592,218847.40,218847.40,0.0000,434,419,405,0.17
1593,210504.50,210504.50,-0.0000,416,404,438,0.16
1594,222537.70,222537.70,-0.0000,441,424,393,0.14
1595,218929.80,218929.80,0.0000,438,409,411,0.18
1596,192624.10,193504.40,-880.3000,387,444,427,0.16
1597,211867.80,212284.50,-416.7000,424,428,406,0.19
1598,214401.20,214401.20,0.0000,422,419,417,0.17
1599,198007.50,198007.50,-0.0000,394,440,424,0.16
1600,203198.60,203644.10,-445.5000,410,427,421,0.17
1601,211499.40,212770.90,-1271.5000,420,430,408,0.17
1602,196757.20,197202.70,-445.5000,390,444,424,0.15
1603,210512.00,210512.00,-0.0000,414,436,408,0.16
1604,215127.30,215127.30,0.0000,430,453,375,0.19
1605,208378.70,208824.20,-445.5000,417,443,398,0.17
1606,213079.80,213079.80,0.0000,421,415,422,0.17
1607,232065.20,232065.20,0.0000,462,393,403,0.15
1608,202543.40,203840.40,-1297.0000,405,418,435,0.15
1609,222770.10,222770.10,0.0000,444,417,397,0.17
1610,223345.80,223345.80,-0.0000,441,420,397,0.19
1611,200722.40,201167.90,-445.5000,403,419,436,0.18
1612,209762.10,210196.90,-434.8000,417,437,404,0.19
1613,213359.40,213359.40,0.0000,424,421,413,0.21
1614,207569.20,207569.20,0.0000,409,419,430,0.17
1615,207978.50,207978.50,0.0000,410,436,412,0.15
1616,219261.40,219261.40,0.0000,435,428,395,0.14
1617,202695.90,203558.10,-862.2000,405,430,423,0.15
1618,197695.60,198130.40,-434.8000,395,455,408,0.19
1619,209134.40,210413.10,-1278.7000,425,420,413,0.19
1620,216884.40,217319.20,-434.8000,427,402,429,0.18
